date,atmosphericpressure (kPa),precipitation (mm),radiation (W/m2),relativehumidity (-),temperature (degrees Celsius),winddirection (degrees),windgusts (m/s),windspeed (m/s)
2019-01-01,99.23217391304348,0.0,167.0,0.5573913043478261,24.63478260869565,122.8695652173913,1.4308695652173915,0.6960869565217392
2019-01-02,99.205,0.0,150.5,0.599375,24.837500000000002,147.91666666666666,1.0945833333333332,0.56875
2019-01-03,99.11166666666666,0.0,149.08333333333334,0.5947083333333333,24.629166666666666,194.95833333333334,0.99125,0.5583333333333333
2019-01-04,99.09333333333332,0.0,149.70833333333334,0.56375,25.545833333333334,174.625,1.1820833333333334,0.6366666666666667
2019-01-05,99.12166666666667,0.0,153.20833333333334,0.5552083333333333,24.8625,126.45833333333333,1.4383333333333335,0.6870833333333333
2019-01-06,99.10541666666667,0.0,149.95833333333334,0.569125,25.129166666666666,142.875,1.5975000000000001,0.745
2019-01-07,99.09708333333333,0.0,127.41666666666667,0.576625,24.895833333333332,154.0,1.0154166666666666,0.535
2019-01-08,99.02,0.0,144.125,0.544125,24.474999999999998,152.0,1.4308333333333334,0.6654166666666667
2019-01-09,98.96499999999999,0.0,145.41666666666666,0.5175416666666667,24.825,166.625,1.06125,0.57125
2019-01-10,98.98791666666666,0.0,121.0,0.6728333333333333,25.849999999999998,179.20833333333334,1.17625,0.6058333333333333
2019-01-11,98.96958333333333,0.0,124.5,0.6890000000000001,27.4875,213.375,0.9583333333333334,0.45916666666666667
2019-01-12,98.92916666666667,0.0,139.08333333333334,0.703375,27.454166666666666,198.875,1.39875,0.68125
2019-01-13,99.0575,0.0,130.91666666666666,0.752625,28.849999999999998,238.66666666666666,1.9179166666666667,0.9595833333333333
2019-01-14,99.14708333333334,0.0,113.5,0.7765,28.15416666666667,250.375,1.7545833333333334,0.8458333333333333
2019-01-15,99.10041666666666,0.0,129.20833333333334,0.7402500000000001,28.583333333333332,256.7083333333333,1.3195833333333333,0.6333333333333333
2019-01-16,99.04291666666667,0.0,126.95833333333333,0.711375,28.204166666666666,259.9166666666667,0.9766666666666667,0.5275
2019-01-17,99.01958333333333,0.0,133.125,0.7402083333333334,28.40416666666667,241.16666666666666,1.3441666666666665,0.65625
2019-01-18,99.06375000000001,0.0,120.25,0.7507083333333333,29.037499999999998,241.58333333333334,1.6733333333333331,0.81
2019-01-19,99.14666666666666,0.0,131.08333333333334,0.7519166666666667,28.458333333333332,253.25,1.48625,0.7645833333333334
2019-01-20,99.205,0.0,129.33333333333334,0.7575833333333333,28.2375,261.0,1.73375,0.835
2019-01-21,99.15833333333335,0.0,142.66666666666666,0.75475,28.03333333333333,249.16666666666666,1.1920833333333334,0.60375
2019-01-22,99.07625,0.0,123.79166666666667,0.7505833333333333,27.291666666666668,254.0,1.2245833333333334,0.6275000000000001
2019-01-23,99.04583333333333,0.0,129.66666666666666,0.777375,28.929166666666664,234.54166666666666,1.83375,0.8766666666666666
2019-01-24,99.05416666666667,0.0,60.916666666666664,0.8572916666666667,26.195833333333336,239.5,1.7654166666666669,0.8775
2019-01-25,99.02999999999999,0.0,149.08333333333334,0.7376666666666667,27.8875,228.625,1.5766666666666669,0.7841666666666667
2019-01-26,99.09041666666667,0.0,133.54166666666666,0.726125,29.233333333333334,254.83333333333334,1.64,0.8708333333333332
2019-01-27,99.07333333333334,0.0,139.5,0.7574583333333332,28.745833333333334,239.83333333333334,1.7779166666666668,0.9
2019-01-28,99.03333333333335,0.0,111.66666666666667,0.8061250000000001,28.016666666666666,246.41666666666666,1.8229166666666667,0.9354166666666667
2019-01-29,98.99874999999999,0.0,117.20833333333333,0.794375,28.3125,246.75,2.0329166666666665,0.97125
2019-01-30,98.98458333333333,0.0,106.20833333333333,0.7320000000000001,28.354166666666668,225.70833333333334,1.7116666666666667,0.8345833333333333
2019-01-31,98.98208333333334,0.0,135.95833333333334,0.7405416666666667,28.766666666666666,221.875,1.4470833333333335,0.7391666666666666
2019-02-01,99.00375000000001,0.0,122.91666666666667,0.7649166666666667,29.116666666666664,243.58333333333334,1.5925,0.8312499999999999
2019-02-02,98.9925,,101.08333333333333,0.8079999999999999,28.616666666666664,239.79166666666666,2.2866666666666666,1.1329166666666668
2019-02-03,98.94583333333333,,136.16666666666666,0.7658333333333333,28.829166666666666,255.91666666666666,1.765,0.8954166666666666
2019-02-04,98.95166666666667,,130.08333333333334,0.7397083333333333,29.125,230.91666666666666,1.825,0.9258333333333333
2019-02-05,99.03083333333332,,153.70833333333334,0.7187916666666667,29.745833333333334,228.95833333333334,1.9529166666666666,1.00875
2019-02-06,98.94041666666668,,132.70833333333334,0.7428333333333333,29.191666666666666,256.6666666666667,1.4400000000000002,0.7420833333333333
2019-02-07,98.84333333333332,,129.04166666666666,0.7534166666666667,29.304166666666664,226.20833333333334,1.5891666666666666,0.8204166666666667
2019-02-08,98.90125,,106.16666666666667,0.80925,28.1125,240.54166666666666,1.4937500000000001,0.8270833333333334
2019-02-09,98.87458333333335,,136.33333333333334,0.678375,28.325,208.66666666666666,1.0570833333333334,0.5558333333333333
2019-02-10,98.85333333333334,,148.625,0.5369166666666666,27.120833333333334,174.45833333333334,1.4533333333333334,0.6833333333333332
2019-02-11,98.86833333333334,,130.20833333333334,0.5085833333333333,25.974999999999998,184.625,1.0804166666666666,0.585
2019-02-12,98.94541666666667,,116.5,0.5099166666666667,26.3,186.125,0.9633333333333334,0.4891666666666667
2019-02-13,99.05166666666666,,124.5,0.6031666666666667,28.2,255.91666666666666,1.3854166666666667,0.6687500000000001
2019-02-14,99.16208333333333,,112.5,0.7212083333333333,28.645833333333332,208.45833333333334,1.0658333333333334,0.5483333333333333
2019-02-15,99.22500000000001,,118.08333333333333,0.5579999999999999,27.608333333333334,205.5,1.1675,0.5962500000000001
2019-02-16,99.10208333333333,,143.25,0.5104583333333333,26.7375,173.20833333333334,1.6125,0.81875
2019-02-17,99.08583333333333,,119.0,0.6730833333333334,28.316666666666666,203.5,1.33625,0.7012499999999999
2019-02-18,98.99125,,119.45833333333333,0.7382916666666667,29.420833333333334,225.0,1.4741666666666668,0.7620833333333333
2019-02-19,98.83375000000001,,116.58333333333333,0.73575,29.604166666666668,236.95833333333334,1.7066666666666668,0.8516666666666667
2019-02-20,98.87416666666667,,121.20833333333333,0.7413333333333334,29.9875,239.5,1.9429166666666668,1.0216666666666667
2019-02-21,99.05791666666666,,123.0,0.739,30.104166666666668,245.04166666666666,2.3962499999999998,1.2229166666666667
2019-02-22,99.10208333333333,,104.25,0.7814166666666668,29.304166666666664,233.91666666666666,2.5775,1.2241666666666666
2019-02-23,98.97250000000001,,118.75,0.7768333333333334,28.7,232.33333333333334,2.2395833333333335,1.0629166666666667
2019-02-24,98.87875000000001,,32.625,0.9238749999999999,24.837500000000002,262.375,0.9425,0.47291666666666665
2019-02-25,98.81375000000001,,139.54166666666666,0.8344166666666667,26.770833333333332,267.125,1.5166666666666666,0.7050000000000001
2019-02-26,98.98041666666666,,67.08333333333333,0.8807916666666666,24.84583333333333,220.2608695652174,1.2330434782608695,0.6286956521739131
2019-02-27,99.00416666666666,,148.91666666666666,0.7857083333333333,26.945833333333336,245.41666666666666,1.2908333333333333,0.6162500000000001
2019-02-28,99.085,,146.33333333333334,0.7423333333333333,28.025000000000002,235.33333333333334,1.5541666666666665,0.79
2019-03-01,99.18208333333332,,155.625,0.7699583333333333,26.84583333333333,257.375,1.1333333333333333,0.5962500000000001
2019-03-02,99.12708333333335,,181.16666666666666,0.6790416666666667,28.724999999999998,252.91666666666666,1.495,0.65625
2019-03-03,99.12791666666668,,193.91666666666666,0.6942083333333334,29.05,259.9583333333333,1.4270833333333333,0.7183333333333334
2019-03-04,99.08333333333333,,200.04166666666666,0.7277083333333333,29.224999999999998,251.33333333333334,1.78125,0.8975
2019-03-05,99.045,,184.75,0.7389166666666668,29.683333333333334,247.95833333333334,1.75125,0.8612500000000001
2019-03-06,99.12416666666667,,119.66666666666667,0.7836249999999999,27.8875,228.375,1.7133333333333332,0.7687499999999999
2019-03-07,99.11291666666666,,144.75,0.781125,26.766666666666666,235.66666666666666,1.4258333333333333,0.7170833333333334
2019-03-08,98.97333333333334,,148.75,0.7899565217391304,27.833333333333332,229.91666666666666,1.64,0.80625
2019-03-09,99.02708333333334,,183.5,0.8137916666666666,25.879166666666666,250.54545454545453,1.4122727272727273,0.7527272727272727
2019-03-10,99.1175,,143.16666666666666,0.8500833333333334,26.087500000000002,195.79166666666666,1.5962500000000002,0.7829166666666666
2019-03-11,99.04041666666667,,182.375,0.7932083333333333,28.15416666666667,246.04166666666666,1.8770833333333332,0.89875
2019-03-12,98.98625,,185.0,0.7848333333333334,29.224999999999998,237.45833333333334,2.3291666666666666,1.2216666666666667
2019-03-13,98.91833333333334,,155.625,0.7868750000000001,28.75,226.33333333333334,2.4112500000000003,1.2591666666666665
2019-03-14,98.84875,,138.25,0.8162083333333333,26.7,225.35,2.1365000000000003,1.1105
2019-03-15,98.84833333333334,,151.91666666666666,0.8347916666666667,27.724999999999998,228.2,2.7857142857142856,1.4185714285714286
2019-03-16,98.99916666666667,,119.20833333333333,0.8855416666666667,26.349999999999998,257.75,1.50375,0.80625
2019-03-17,98.96041666666667,,192.375,0.8162083333333333,26.933333333333334,201.5,1.7772727272727273,0.9672727272727273
2019-03-18,98.8625,,196.20833333333334,0.8060416666666667,28.420833333333334,251.625,1.6641666666666666,0.92625
2019-03-19,98.81124999999999,,171.91666666666666,0.7967916666666667,28.900000000000002,244.79166666666666,1.9941666666666666,1.0741666666666667
2019-03-20,98.80166666666666,,180.29166666666666,0.8097916666666666,28.84166666666667,247.66666666666666,2.0375,0.9808333333333333
2019-03-21,98.76916666666666,,167.04166666666666,0.8100833333333334,28.379166666666666,232.42857142857142,2.3585714285714285,1.2323809523809524
2019-03-22,98.81416666666667,,144.29166666666666,0.854375,25.650000000000002,255.71428571428572,1.9000000000000001,1.0892857142857142
2019-03-23,98.90708333333333,,186.625,0.8128333333333333,27.745833333333334,230.625,2.259583333333333,1.0887499999999999
2019-03-24,98.94958333333334,,148.0,0.8388749999999999,27.933333333333334,231.125,2.3833333333333333,1.1333333333333333
2019-03-25,99.00875,,164.625,0.7902083333333333,27.758333333333336,217.54166666666666,1.8775000000000002,0.9225
2019-03-26,98.99791666666665,,166.29166666666666,0.7825833333333333,28.429166666666664,239.125,1.9991666666666668,0.9816666666666666
2019-03-27,99.04791666666667,,190.79166666666666,0.7844166666666667,28.666666666666668,230.33333333333334,1.695,0.8204166666666667
2019-03-28,99.03333333333335,,165.625,0.7799583333333334,28.791666666666668,235.45833333333334,1.7483333333333333,0.8670833333333333
2019-03-29,99.00208333333335,,136.58333333333334,0.8115416666666667,28.175,250.04166666666666,2.0025,0.9620833333333333
2019-03-30,98.95125,,143.58333333333334,0.8303478260869565,27.795833333333334,231.4,2.5505,1.302
2019-03-31,98.8875,,157.16666666666666,0.840375,27.133333333333336,224.13333333333333,2.5113333333333334,1.24
2019-04-01,98.77458333333334,,193.83333333333334,0.7834166666666667,29.125,260.4583333333333,1.9325,0.9491666666666667
2019-04-02,98.79458333333334,,180.95833333333334,0.7874583333333334,29.537499999999998,239.375,2.1029166666666668,0.995
2019-04-03,98.76583333333333,,209.375,0.7915416666666667,29.933333333333334,233.20833333333334,1.9770833333333335,0.96625
2019-04-04,98.70333333333333,,199.29166666666666,0.81325,28.34583333333333,247.21052631578948,2.6426315789473684,1.28
2019-04-05,98.7925,,218.70833333333334,0.8329583333333334,27.316666666666666,225.53333333333333,2.8842857142857143,1.8533333333333333
2019-04-06,98.87208333333332,,175.25,0.814625,29.191666666666666,250.375,2.2645833333333334,1.1166666666666667
2019-04-07,98.99416666666667,,78.04166666666667,0.835,27.045833333333334,230.75,1.7841666666666667,0.8254166666666666
2019-04-08,98.99166666666667,,163.70833333333334,0.79425,27.858333333333334,245.125,1.9908333333333335,0.93
2019-04-09,98.93583333333333,,182.66666666666666,0.8259166666666666,27.599999999999998,241.45833333333334,2.3041666666666667,1.0825
2019-04-10,98.86708333333333,,161.5,0.9006666666666666,26.104166666666668,260.4736842105263,1.9494736842105262,1.0515789473684212
2019-04-11,98.86708333333333,,91.41666666666667,0.851,26.2,219.83333333333334,1.4254166666666668,0.7520833333333333
2019-04-12,98.75,,200.95833333333334,0.8363333333333333,27.833333333333332,251.95833333333334,2.2079166666666667,1.06375
2019-04-13,98.92541666666666,,150.58333333333334,0.843125,25.625,242.5,2.075,1.1428571428571428
2019-04-14,99.07041666666667,,94.04166666666667,0.8740416666666667,25.40833333333333,183.04166666666666,1.5770833333333334,0.7508333333333334
2019-04-15,99.0025,,179.66666666666666,0.8262083333333333,26.925,230.58333333333334,1.6895833333333332,0.855
2019-04-16,99.01625,,215.375,0.8432499999999999,26.695833333333336,235.125,1.5608333333333333,0.8491666666666666
2019-04-17,98.90125,,142.75,0.8507083333333333,27.016666666666666,255.16666666666666,1.6875,0.9879166666666667
2019-04-18,98.85833333333333,,178.04166666666666,0.8405416666666666,27.045833333333334,258.5,1.5170833333333336,0.7595833333333334
2019-04-19,98.93416666666667,,167.20833333333334,0.8738695652173913,27.047826086956523,268.8421052631579,1.8363157894736843,1.1563157894736842
2019-04-20,98.96291666666667,,152.83333333333334,0.8838750000000001,26.433333333333334,257.1111111111111,2.8,1.5577777777777777
2019-04-21,98.855,,131.66666666666666,0.8972916666666667,26.875,257.92857142857144,2.1457142857142855,1.1635714285714285
2019-04-22,98.82875,,179.75,0.8609583333333334,27.77916666666667,234.95833333333334,1.8654166666666667,0.9808333333333333
2019-04-23,98.90499999999999,,92.54166666666667,0.90375,26.09583333333333,265.6842105263158,1.6494736842105262,0.9452631578947369
2019-04-24,98.98875,,206.875,0.819125,27.308333333333334,218.6,1.52,0.8079999999999999
2019-04-25,99.05958333333332,,167.79166666666666,0.8294166666666666,28.495833333333334,243.04166666666666,1.5366666666666668,0.7875
2019-04-26,98.96833333333335,,98.95833333333333,0.867625,27.7625,248.79166666666666,1.5870833333333334,0.7583333333333333
2019-04-27,98.87833333333333,,174.54166666666666,0.831875,28.708333333333332,255.33333333333334,1.6283333333333332,0.9029166666666667
2019-04-28,98.90249999999999,,168.75,0.8337500000000001,28.712500000000002,248.45833333333334,1.6983333333333333,0.8754166666666666
2019-04-29,98.94375000000001,,169.83333333333334,0.8431666666666667,28.45,243.79166666666666,1.8895833333333334,0.945
2019-04-30,99.015,,177.66666666666666,0.8362916666666668,28.5625,245.29166666666666,2.0679166666666666,1.0229166666666667
2019-05-01,98.99083333333334,,150.29166666666666,0.8452500000000001,27.65833333333333,257.2916666666667,1.6266666666666667,0.8404166666666667
2019-05-02,98.94583333333333,,167.75,0.828375,27.3875,243.25,1.9979166666666666,1.01
2019-05-03,98.93583333333333,,161.0,0.8283333333333333,27.77916666666667,239.54166666666666,1.7541666666666667,0.9870833333333332
2019-05-04,98.91458333333333,,123.0,0.865625,25.670833333333334,235.95833333333334,1.1683333333333332,0.625
2019-05-05,98.8925,,186.41666666666666,0.8190833333333334,27.954166666666666,240.0,1.6808333333333334,0.8179166666666666
2019-05-06,99.00958333333334,,125.08333333333333,0.824375,28.1875,234.875,1.6958333333333335,0.8241666666666667
2019-05-07,99.05458333333333,,134.45833333333334,0.8167916666666667,28.325,233.91666666666666,1.8120833333333335,0.86
2019-05-08,98.95125,,180.625,0.8125416666666667,27.537499999999998,235.625,2.0379166666666664,0.9491666666666667
2019-05-09,98.8775,,100.83333333333333,0.8560833333333333,25.599999999999998,218.04166666666666,1.6208333333333333,0.7408333333333333
2019-05-10,98.80666666666667,,203.41666666666666,0.7957083333333334,27.037499999999998,221.04166666666666,1.7204166666666667,0.8025000000000001
2019-05-11,98.92916666666667,,119.41666666666667,0.821625,27.15833333333333,248.16666666666666,1.33125,0.66
2019-05-12,98.91583333333334,,202.125,0.80775,27.554166666666664,253.86363636363637,1.2463636363636363,0.6749999999999999
2019-05-13,98.90291666666667,,129.79166666666666,0.8655833333333334,25.704166666666666,222.75,1.6958333333333335,0.85
2019-05-14,98.88666666666666,,174.95833333333334,0.8464999999999999,26.912499999999998,252.66666666666666,1.3741666666666665,0.7383333333333333
2019-05-15,99.02208333333334,,164.54166666666666,0.8470833333333333,26.84583333333333,254.0,1.378,0.7855000000000001
2019-05-16,99.14958333333334,,88.54166666666667,0.8805833333333334,25.22083333333333,211.6153846153846,1.623076923076923,0.7430769230769231
2019-05-17,99.07708333333333,,176.54166666666666,0.8199166666666667,27.670833333333334,245.70833333333334,1.6075,0.7733333333333333
2019-05-18,98.94958333333334,,208.79166666666666,0.8025000000000001,27.925,248.45833333333334,1.5154166666666666,0.7687499999999999
2019-05-19,99.01958333333333,,186.58333333333334,0.8207083333333333,27.691666666666666,239.04166666666666,1.6891666666666667,0.8170833333333333
2019-05-20,99.06333333333333,,122.75,0.8569166666666667,26.204166666666666,248.83333333333334,1.6049999999999998,0.7866666666666666
2019-05-21,99.1025,,111.625,0.8587083333333334,25.78333333333333,230.41666666666666,1.4133333333333333,0.6966666666666667
2019-05-22,99.03083333333335,,130.625,0.8319166666666667,26.683333333333334,248.91666666666666,1.1641666666666666,0.5841666666666666
2019-05-23,98.96416666666666,,158.0,0.8471666666666667,26.270833333333332,262.05263157894734,1.5068421052631578,0.8073684210526316
2019-05-24,98.99708333333332,,126.29166666666667,0.8806249999999999,25.320833333333336,267.0,1.8307142857142857,0.9142857142857144
2019-05-25,99.02958333333333,,177.20833333333334,0.8499583333333334,26.6875,254.5,1.1079166666666667,0.6158333333333333
2019-05-26,99.05125,,137.83333333333334,0.87075,26.400000000000002,269.5833333333333,1.6320833333333333,0.86375
2019-05-27,98.99958333333332,,197.33333333333334,0.81725,26.075,201.4,2.405333333333333,1.02
2019-05-28,98.99333333333334,,178.08333333333334,0.8248333333333333,26.84583333333333,255.29166666666666,1.735,0.86625
2019-05-29,99.00166666666667,,78.125,0.8655833333333334,24.75,231.75,1.8708333333333333,0.9162499999999999
2019-05-30,99.05624999999999,,137.33333333333334,0.8379583333333334,26.05,217.5,1.7045833333333331,0.7645833333333334
2019-05-31,99.05375,,116.16666666666667,0.8341666666666666,26.579166666666666,236.25,1.8070833333333332,0.9116666666666666
2019-06-01,99.10541666666667,,109.25,0.87025,25.104166666666668,250.0,1.3929166666666666,0.6425
2019-06-02,99.14625000000001,,136.70833333333334,0.8865,25.2375,255.91666666666666,1.2012500000000002,0.6404166666666666
2019-06-03,99.21750000000002,,136.04166666666666,0.8588749999999999,26.224999999999998,269.2916666666667,1.1770833333333333,0.6629166666666667
2019-06-04,99.17791666666666,,134.875,0.8530833333333333,26.733333333333334,260.8333333333333,1.7708333333333333,0.90125
2019-06-05,99.13416666666666,,84.625,0.851625,25.962500000000002,260.5,2.021666666666667,0.9812500000000001
2019-06-06,99.10166666666667,,98.20833333333333,0.8863333333333333,24.545833333333334,246.75,1.64875,0.85125
2019-06-07,99.11041666666667,,82.20833333333333,0.9059166666666667,23.891666666666666,228.11111111111111,1.3822222222222222,0.6649999999999999
2019-06-08,99.25291666666668,,111.54166666666667,0.8705833333333333,25.349999999999998,263.0833333333333,1.1079166666666667,0.6220833333333333
2019-06-09,99.27208333333334,,118.20833333333333,0.8853333333333334,25.354166666666668,238.08333333333334,1.6804166666666667,0.8629166666666667
2019-06-10,99.22874999999999,,104.79166666666667,0.9004583333333334,24.775000000000002,238.16666666666666,1.73375,1.0341666666666667
2019-06-11,99.23791666666666,,160.41666666666666,0.8341666666666666,26.462500000000002,263.125,1.67875,0.8483333333333333
2019-06-12,99.28625,,80.29166666666667,0.8863913043478261,24.01304347826087,258.4117647058824,1.8864705882352941,0.918235294117647
2019-06-13,99.28500000000001,,161.20833333333334,0.8491249999999999,25.829166666666666,250.35714285714286,2.3714285714285714,1.1842857142857142
2019-06-14,99.29791666666667,,105.25,0.8739583333333334,25.291666666666668,186.33333333333334,1.7133333333333334,0.7655555555555555
2019-06-15,99.32291666666667,,104.75,0.897875,24.308333333333334,268.125,1.2591666666666665,0.6845833333333333
2019-06-16,99.35708333333334,,150.20833333333334,0.8555833333333333,25.900000000000002,251.05,1.7884999999999998,0.992
2019-06-17,99.31083333333333,,158.0,0.8219166666666666,26.754166666666666,247.91666666666666,1.8295833333333331,0.8220833333333334
2019-06-18,99.34875,,154.45833333333334,0.8284583333333333,26.679166666666664,254.70833333333334,1.4770833333333335,0.7695833333333333
2019-06-19,99.28875,,177.20833333333334,0.8286666666666668,26.820833333333336,260.7916666666667,1.6175,0.80375
2019-06-20,99.31124999999999,,68.875,0.84625,25.775000000000002,230.66666666666666,1.7041666666666666,0.7316666666666666
2019-06-21,99.39,,107.79166666666667,0.844125,25.795833333333334,254.41666666666666,1.3754166666666665,0.6716666666666667
2019-06-22,99.29583333333333,,142.125,0.8503333333333334,25.662499999999998,269.7083333333333,1.8808333333333334,0.8525
2019-06-23,99.19333333333333,,164.70833333333334,0.820625,26.087500000000002,270.5,1.8104166666666668,1.1529166666666666
2019-06-24,99.19666666666666,,96.41666666666667,0.8531666666666666,24.320833333333336,189.95833333333334,1.9858333333333331,0.8175
2019-06-25,99.22583333333334,,102.41666666666667,0.8537499999999999,24.458333333333332,190.83333333333334,1.3679166666666667,0.6916666666666668
2019-06-26,99.32625,,134.16666666666666,0.8575833333333334,24.666666666666668,285.1111111111111,2.1294444444444443,1.0955555555555554
2019-06-27,99.29083333333334,,163.45833333333334,0.832875,25.275000000000002,248.30769230769232,2.1446153846153844,0.9638461538461538
2019-06-28,99.27458333333334,,91.66666666666667,0.8870833333333333,24.7625,235.58333333333334,1.43625,0.67125
2019-06-29,99.28958333333333,,115.58333333333333,0.8484583333333333,25.71666666666667,236.41666666666666,1.3104166666666666,0.69375
2019-06-30,99.35666666666667,,147.875,0.8714583333333333,25.787499999999998,237.375,1.4154166666666665,0.71
2019-07-01,99.22583333333334,,150.45833333333334,0.8472916666666667,26.079166666666666,252.41666666666666,1.8425,0.9370833333333333
2019-07-02,99.0475,,136.41666666666666,0.8315416666666667,26.21666666666667,249.08333333333334,1.6520833333333333,0.8145833333333333
2019-07-03,99.055,,143.45833333333334,0.8253333333333334,26.3875,255.375,1.57,0.7495833333333334
2019-07-04,99.14958333333334,,74.41666666666667,0.8796666666666667,25.179166666666664,239.125,2.0100000000000002,0.8908333333333333
2019-07-05,99.24291666666666,,70.875,0.8666666666666667,25.120833333333334,233.16666666666666,1.4908333333333335,0.79
2019-07-06,99.15125,,66.25,0.8742916666666667,24.75,227.375,0.9816666666666666,0.5379166666666667
2019-07-07,99.14833333333333,,128.45833333333334,0.8359583333333332,26.170833333333334,242.66666666666666,2.2516666666666665,1.0508333333333333
2019-07-08,99.27749999999999,,109.45833333333333,0.82675,25.066666666666666,208.5,2.31125,1.0208333333333333
2019-07-09,99.40958333333333,,98.75,0.8330833333333333,25.025000000000002,247.375,1.97,0.90125
2019-07-10,99.34541666666667,,67.45833333333333,0.8625416666666667,24.9375,256.375,1.2854166666666667,0.6370833333333333
2019-07-11,99.27125000000001,,77.75,0.8608750000000001,23.883333333333336,268.9583333333333,1.8145833333333332,0.8762500000000001
2019-07-12,99.30624999999999,,111.16666666666667,0.9022916666666667,23.316666666666666,260.5416666666667,1.40125,0.8133333333333334
2019-07-13,99.35166666666667,,107.29166666666667,0.8758750000000001,24.47083333333333,242.86666666666667,1.6714285714285713,0.9906666666666666
2019-07-14,99.27125000000001,,80.75,0.8568333333333333,24.420833333333334,265.875,1.4054166666666665,0.7354166666666666
2019-07-15,99.10541666666667,,136.45833333333334,0.836375,24.78333333333333,235.91666666666666,1.8470833333333332,0.89125
2019-07-16,99.24416666666667,,88.58333333333333,0.8783333333333334,23.72083333333333,268.2083333333333,1.3379166666666666,0.7154166666666667
2019-07-17,99.29833333333333,,147.20833333333334,0.8113333333333334,25.395833333333332,265.4166666666667,1.805,0.8933333333333334
2019-07-18,99.20125,,59.875,0.8464166666666667,24.375,240.0,2.09,0.9375
2019-07-19,99.30458333333333,,87.5,0.8402916666666668,24.7625,218.79166666666666,1.8408333333333333,0.8375
2019-07-20,99.32666666666667,,105.45833333333333,0.8629166666666667,23.979166666666668,253.25,1.5620833333333335,0.82625
2019-07-21,99.27291666666666,,143.91666666666666,0.839125,25.308333333333334,251.5,2.256666666666667,1.2825
2019-07-22,99.27916666666665,,116.04166666666667,0.806,25.554166666666664,242.41666666666666,2.1804166666666664,1.0808333333333333
2019-07-23,99.25708333333334,,101.70833333333333,0.8445,24.6375,240.79166666666666,1.7808333333333335,0.8575
2019-07-24,99.20708333333333,,104.25,0.8347916666666667,25.354166666666668,252.79166666666666,1.9891666666666667,1.1558333333333333
2019-07-25,99.20083333333334,,124.54166666666667,0.8290833333333333,25.070833333333336,219.29166666666666,1.6375,0.8075
2019-07-26,99.23125,,109.16666666666667,0.843,24.829166666666666,247.08333333333334,2.1929166666666666,1.03375
2019-07-27,99.21999999999998,,89.875,0.8365416666666666,25.429166666666664,239.79166666666666,2.61375,1.2416666666666667
2019-07-28,99.19083333333333,,81.58333333333333,0.8459583333333334,24.558333333333334,243.16666666666666,2.6016666666666666,1.2029166666666666
2019-07-29,99.25041666666668,,65.0,0.8466666666666667,24.77916666666667,253.8421052631579,1.9694736842105265,1.0010526315789474
2019-07-30,99.26291666666667,,89.29166666666667,0.8161666666666667,25.733333333333334,234.5,2.8863636363636362,1.3704545454545454
2019-07-31,99.24333333333334,,86.91666666666667,0.8051666666666666,25.733333333333334,247.95833333333334,2.03625,1.05375
2019-08-01,99.185,,46.583333333333336,0.8152499999999999,25.125,241.625,2.2591666666666668,1.0854166666666667
2019-08-02,99.21958333333333,,34.416666666666664,0.8270416666666667,24.820833333333336,244.83333333333334,2.424583333333333,1.1904166666666667
2019-08-03,99.32875,,64.125,0.853125,24.391666666666666,233.58333333333334,1.9470833333333335,1.0379166666666666
2019-08-04,99.40166666666666,,27.416666666666668,0.8275,24.920833333333334,250.375,1.635,0.83625
2019-08-05,99.38041666666668,,33.958333333333336,0.8013750000000001,25.058333333333334,258.0,2.2895833333333333,1.1595833333333334
2019-08-06,99.44708333333334,,41.875,0.801875,25.391666666666666,246.83333333333334,2.0904166666666666,0.9908333333333333
2019-08-07,99.49374999999999,,36.875,0.7908333333333334,25.420833333333334,250.58333333333334,2.1545833333333335,1.0887499999999999
2019-08-08,99.44833333333334,,36.083333333333336,0.8677916666666666,23.733333333333334,247.58333333333334,1.5608333333333333,0.7933333333333333
2019-08-09,99.50416666666666,,65.29166666666667,0.887,23.633333333333336,249.75,2.0708333333333333,1.08375
2019-08-10,99.52541666666667,,26.5,0.8177500000000001,25.379166666666666,240.91666666666666,2.43375,1.3883333333333334
2019-08-11,99.42,,27.458333333333332,0.784125,26.025000000000002,243.125,2.5229166666666667,1.2120833333333334
2019-08-12,99.29166666666667,,25.416666666666668,0.7986249999999999,24.920833333333334,240.58333333333334,1.8812499999999999,0.8779166666666667
2019-08-13,99.25,,34.25,0.8212916666666666,24.625,229.79166666666666,2.274583333333333,1.1283333333333332
2019-08-14,99.36166666666666,,21.333333333333332,0.808125,25.320833333333336,240.625,2.0191666666666666,0.95375
2019-08-15,99.34166666666665,,32.291666666666664,0.8097500000000001,24.916666666666668,254.95833333333334,1.5304166666666665,0.8483333333333333
2019-08-16,99.25541666666668,,37.958333333333336,0.8140833333333334,24.954166666666666,234.29166666666666,2.205416666666667,1.0262499999999999
2019-08-17,99.22041666666667,,20.666666666666668,0.8044166666666667,25.304166666666664,240.125,1.8879166666666667,0.9520833333333334
2019-08-18,99.16583333333334,,5.5,0.7745000000000001,25.84583333333333,241.08333333333334,2.0425,1.0062499999999999
2019-08-19,99.15750000000001,,30.166666666666668,0.7845416666666667,25.666666666666668,232.79166666666666,2.765,1.32125
2019-08-20,99.22083333333335,,41.083333333333336,0.8486666666666666,24.7375,230.54166666666666,2.2916666666666665,1.0879166666666666
2019-08-21,99.28833333333334,,29.0,0.8194583333333334,25.662499999999998,249.125,1.7479166666666668,0.9095833333333333
2019-08-22,99.23458333333333,,26.333333333333332,0.7930416666666668,25.754166666666666,237.79166666666666,2.5508333333333333,1.1591666666666667
2019-08-23,99.35958333333333,,16.458333333333332,0.852375,24.170833333333334,237.41666666666666,2.0295833333333335,0.9691666666666666
2019-08-24,99.40083333333332,,29.208333333333332,0.8300000000000001,24.849999999999998,241.79166666666666,2.0554166666666664,1.07625
2019-08-25,99.41333333333334,,23.083333333333332,0.8002083333333333,25.558333333333334,246.66666666666666,2.2287500000000002,1.1204166666666666
2019-08-26,99.40958333333333,,16.375,0.8293333333333334,24.954166666666666,243.91666666666666,2.2425,1.0041666666666667
2019-08-27,99.36375,,8.75,0.8292916666666666,25.291666666666668,256.1363636363636,1.8836363636363636,0.9218181818181819
2019-08-28,99.33666666666666,,25.291666666666668,0.85125,24.754166666666666,239.30769230769232,1.9930769230769232,0.9400000000000001
2019-08-29,99.30916666666667,,5.666666666666667,0.8004166666666667,26.2375,237.25,1.4491666666666667,0.7279166666666667
2019-08-30,99.25083333333333,,16.625,0.8240833333333333,25.333333333333332,244.58333333333334,1.9641666666666666,1.085
2019-08-31,99.13083333333333,,13.375,0.8191666666666667,25.7375,250.375,2.2104166666666667,1.0829166666666665
2019-09-01,99.02999999999999,,38.75,0.8355416666666667,24.104166666666668,213.45833333333334,2.2929166666666667,1.05125
2019-09-02,99.18416666666667,,19.708333333333332,0.8436666666666667,24.858333333333334,236.125,1.7774999999999999,0.8729166666666667
2019-09-03,99.31583333333333,,9.083333333333334,0.8195833333333334,25.712500000000002,266.0416666666667,1.3550000000000002,0.7475
2019-09-04,99.25208333333335,,4.333333333333333,0.8197083333333333,25.566666666666666,244.25,1.9220833333333331,0.94125
2019-09-05,99.23666666666666,,2.375,0.8159166666666667,25.733333333333334,247.20833333333334,1.745,0.8716666666666667
2019-09-06,99.27875,,31.458333333333332,0.87925,23.287499999999998,244.66666666666666,1.4020833333333333,0.6733333333333333
2019-09-07,99.28416666666668,,8.166666666666666,0.8367083333333333,25.02916666666667,270.9166666666667,1.4441666666666666,0.7558333333333334
2019-09-08,99.37541666666668,,7.416666666666667,0.816625,25.537499999999998,249.20833333333334,1.9974999999999998,0.98875
2019-09-09,99.3525,,4.25,0.8055,25.7375,246.125,2.04875,0.9504166666666666
2019-09-10,99.26791666666666,,5.25,0.8371666666666666,25.1875,259.4166666666667,1.4520833333333334,0.7191666666666667
2019-09-11,99.16583333333334,,17.583333333333332,0.8560833333333333,24.541666666666668,240.83333333333334,1.4070833333333335,0.7091666666666666
2019-09-12,99.20791666666666,,1.6666666666666667,0.8468333333333334,25.045833333333334,230.79166666666666,1.6058333333333332,0.8020833333333334
2019-09-13,99.27375,,0.2916666666666667,0.795125,26.329166666666666,252.20833333333334,1.7566666666666666,0.8216666666666667
2019-09-14,99.21291666666667,,11.291666666666666,0.8429166666666666,24.2375,252.25,1.5195833333333333,0.7708333333333334
2019-09-15,99.14791666666667,,5.583333333333333,0.8094166666666666,25.5125,248.08333333333334,1.3033333333333335,0.6820833333333334
2019-09-16,99.125,,4.291666666666667,0.8111666666666667,26.1875,266.9583333333333,1.6941666666666666,0.8566666666666666
2019-09-17,99.08125,,15.583333333333334,0.8060416666666667,26.016666666666666,260.4583333333333,1.8462500000000002,0.9545833333333333
2019-09-18,99.09166666666665,,9.291666666666666,0.836,25.108333333333334,261.2916666666667,1.6454166666666667,0.88
2019-09-19,99.12666666666667,,13.25,0.8638750000000001,24.675,246.79166666666666,1.4308333333333332,0.7554166666666666
2019-09-20,99.17833333333334,,12.625,0.7875416666666667,26.391666666666666,209.125,1.1033333333333333,0.6070833333333333
2019-09-21,99.17166666666667,,5.041666666666667,0.795875,26.491666666666664,247.29166666666666,1.79,0.8666666666666667
2019-09-22,99.09249999999999,,3.0416666666666665,0.8124583333333333,25.5,252.91666666666666,1.46125,0.7395833333333334
2019-09-23,99.12708333333335,,3.75,0.7892083333333333,26.2625,230.20833333333334,1.5720833333333333,0.7583333333333333
2019-09-24,99.17833333333334,,10.791666666666666,0.81175,25.391666666666666,249.66666666666666,1.2766666666666666,0.6308333333333334
2019-09-25,99.13708333333334,,7.875,0.7941666666666666,26.741666666666664,244.25,1.4875,0.7345833333333333
2019-09-26,99.19875,,8.541666666666666,0.8020833333333334,26.34583333333333,248.70833333333334,1.1991666666666667,0.6195833333333333
2019-09-27,99.15083333333332,,29.125,0.8524583333333333,24.320833333333336,276.05,1.016,0.623
2019-09-28,99.17041666666667,,9.875,0.8164166666666667,25.6375,222.79166666666666,1.2683333333333333,0.63375
2019-09-29,99.17,,21.958333333333332,0.8219583333333333,24.383333333333336,244.79166666666666,1.2029166666666666,0.635
2019-09-30,99.00583333333333,,9.833333333333334,0.8019166666666666,25.079166666666666,215.35,1.9929999999999999,0.891
2019-10-01,99.02208333333334,0.0,43.375,0.8848333333333334,23.375,255.76923076923077,1.3846153846153846,0.7523076923076922
2019-10-02,99.11791666666666,0.119875,5.833333333333333,0.8285833333333333,24.983333333333334,271.25,1.6804166666666667,0.87875
2019-10-03,99.10291666666666,0.01916666666666667,16.375,0.8323333333333333,24.02916666666667,248.16666666666666,1.4158333333333333,0.74375
2019-10-04,98.95583333333333,0.05458333333333334,10.083333333333334,0.8684583333333333,24.175,226.08333333333334,1.6758333333333333,0.79625
2019-10-05,99.03166666666668,0.007083333333333334,7.291666666666667,0.8685416666666667,24.483333333333334,252.70833333333334,1.17125,0.6495833333333333
2019-10-06,99.05375,0.0007083333333333334,5.833333333333333,0.8061250000000001,25.933333333333334,279.5416666666667,1.8941666666666668,1.0379166666666666
2019-10-07,98.92208333333333,0.0007083333333333334,10.625,0.8166666666666668,25.554166666666664,257.25,1.8383333333333332,1.0050000000000001
2019-10-08,98.97541666666666,0.17925000000000002,14.041666666666666,0.878,23.770833333333332,259.9583333333333,1.8529166666666665,0.9808333333333333
2019-10-09,98.9525,0.0028333333333333335,2.8333333333333335,0.8597916666666667,24.77916666666667,260.4583333333333,1.68,0.8933333333333334
2019-10-10,98.93208333333332,0.0,9.041666666666666,0.828,25.383333333333336,249.5,1.7425,0.8595833333333333
2019-10-11,98.97583333333334,0.08225,12.125,0.8648333333333333,24.708333333333332,244.20833333333334,1.3695833333333332,0.7179166666666666
2019-10-12,99.08791666666667,0.005666666666666667,9.416666666666666,0.8643333333333333,24.045833333333334,234.20833333333334,1.59375,0.7975
2019-10-13,99.10208333333333,0.0,1.2083333333333333,0.8086666666666668,25.245833333333334,267.75,1.7208333333333332,0.915
2019-10-14,98.99958333333335,0.0,8.125,0.790625,26.349999999999998,258.625,1.5599999999999998,0.8154166666666667
2019-10-15,99.07458333333334,0.0,5.916666666666667,0.8088333333333333,25.770833333333332,243.75,1.82875,0.9241666666666667
2019-10-16,99.13833333333334,0.26416666666666666,7.666666666666667,0.8441739130434783,24.47083333333333,252.0625,1.59,0.84125
2019-10-17,99.07958333333333,0.09145833333333332,5.75,0.8244347826086956,25.02173913043478,240.3,2.927,1.7259999999999998
2019-10-18,99.0125,0.0,9.125,0.8233333333333334,25.066666666666666,216.6153846153846,1.3615384615384616,0.6384615384615385
2019-10-19,98.99208333333333,0.005666666666666667,5.583333333333333,0.8069166666666666,25.516666666666666,192.29166666666666,1.8054166666666667,0.88
2019-10-20,99.14416666666666,0.0,1.5,0.8221250000000001,24.758333333333336,221.25,1.9437499999999999,0.93125
2019-10-21,99.09083333333332,0.0,2.6666666666666665,0.7869166666666666,25.875,214.70833333333334,1.3637499999999998,0.7229166666666668
2019-10-22,98.90916666666668,0.16079166666666667,3.3333333333333335,0.79175,26.650000000000002,248.66666666666666,1.6654166666666665,0.9341666666666667
2019-10-23,98.89166666666667,0.0007083333333333334,8.208333333333334,0.8271666666666667,25.433333333333334,253.79166666666666,1.1525,0.7154166666666666
2019-10-24,99.01541666666667,0.007083333333333334,5.791666666666667,0.8206666666666668,25.166666666666668,207.70833333333334,1.5658333333333332,0.8220833333333334
2019-10-25,99.00875,0.19629166666666667,7.958333333333333,0.81475,25.666666666666668,219.75,1.3170833333333334,0.7158333333333333
2019-10-26,99.06166666666667,0.0007083333333333334,12.541666666666666,0.8370833333333333,24.825,215.625,1.41375,0.7666666666666666
2019-10-27,99.06833333333333,0.088625,14.041666666666666,0.8397916666666667,25.295833333333334,255.70833333333334,1.2879166666666666,0.7220833333333333
2019-10-28,98.98583333333333,0.009208333333333332,6.541666666666667,0.8201666666666667,24.90416666666667,246.91666666666666,1.7429166666666667,1.0254166666666666
2019-10-29,98.94708333333334,0.04041666666666666,16.833333333333332,0.8511666666666667,24.295833333333334,238.16666666666666,1.1975,0.6816666666666666
2019-10-30,99.01666666666667,0.0035416666666666665,5.125,0.8389166666666666,25.354166666666668,246.73684210526315,4.841052631578948,1.12
2019-10-31,99.10708333333334,0.0007083333333333334,2.8333333333333335,0.8110833333333334,26.429166666666664,274.9166666666667,1.1629166666666666,0.6679166666666667
2019-11-01,98.99083333333334,0.0,1.5,0.780125,26.954166666666666,244.95833333333334,1.2208333333333334,0.68125
2019-11-02,98.95583333333333,0.007083333333333334,7.5,0.8284166666666667,24.579166666666666,209.5,0.995,0.5316666666666666
2019-11-03,99.13125000000001,0.0042499999999999994,9.958333333333334,0.8325833333333333,24.96666666666667,272.5416666666667,1.2783333333333333,0.7183333333333333
2019-11-04,99.09041666666667,0.0014166666666666668,4.083333333333333,0.7915416666666667,26.55,230.45833333333334,1.2491666666666668,0.6158333333333333
2019-11-05,99.13166666666666,0.0,13.958333333333334,0.8070416666666667,26.745833333333334,261.1666666666667,1.30875,0.7008333333333333
2019-11-06,98.97416666666668,0.0007083333333333334,10.541666666666666,0.80825,25.358333333333334,245.0,1.3383333333333336,0.67875
2019-11-07,98.91875,0.0,6.541666666666667,0.8056666666666666,26.504166666666666,249.375,1.0645833333333334,0.5945833333333334
2019-11-08,98.87833333333333,0.0,4.666666666666667,0.7815416666666667,27.383333333333336,227.95833333333334,0.99125,0.5858333333333333
2019-11-09,98.8775,0.0,5.458333333333333,0.7789583333333333,28.075,242.20833333333334,1.2683333333333333,0.66625
2019-11-10,98.89999999999999,0.0,20.791666666666668,0.8139583333333333,26.59166666666667,250.625,1.3820833333333333,0.7295833333333334
2019-11-11,98.83208333333334,0.0,17.958333333333332,0.8388749999999999,25.508333333333336,255.0,1.1829166666666666,0.6258333333333334
2019-11-12,98.80166666666666,0.0,15.75,0.7823333333333333,27.2375,255.29166666666666,1.3454166666666667,0.7341666666666667
2019-11-13,98.81833333333333,0.003541666666666667,8.5,0.793625,25.525000000000002,203.25,1.4024999999999999,0.6879166666666667
2019-11-14,98.89041666666667,0.0014166666666666668,14.208333333333334,0.8085833333333333,26.05,262.4166666666667,0.995,0.6041666666666666
2019-11-15,98.86458333333333,0.0,13.541666666666666,0.782,26.641666666666666,252.66666666666666,0.89125,0.5341666666666667
2019-11-16,98.83,0.0,13.166666666666666,0.7759583333333334,27.045833333333334,246.95833333333334,1.075,0.5854166666666667
2019-11-17,98.85708333333334,0.0,10.083333333333334,0.7647083333333334,28.424999999999997,248.75,0.9541666666666666,0.5158333333333334
2019-11-18,98.85000000000001,0.0,19.5,0.7597083333333333,28.712500000000002,251.5,1.41375,0.6979166666666666
2019-11-19,98.90708333333333,0.0,19.708333333333332,0.7744583333333334,27.691666666666666,262.4583333333333,1.25125,0.66375
2019-11-20,98.90499999999999,0.0,70.20833333333333,0.7983333333333333,27.045833333333334,267.375,1.1883333333333332,0.68375
2019-11-21,98.96749999999999,0.009208333333333334,68.41666666666667,0.8000416666666667,27.245833333333334,249.125,2.26625,1.1295833333333334
2019-11-22,99.0075,0.0007083333333333334,34.666666666666664,0.7841666666666667,26.2375,227.125,1.7379166666666668,0.8529166666666667
2019-11-23,98.99041666666666,0.0,80.66666666666667,0.7981666666666666,27.066666666666666,214.29166666666666,1.2229166666666667,0.6391666666666667
2019-11-24,98.96916666666668,0.0,34.375,0.77025,27.925,235.33333333333334,1.2220833333333332,0.6845833333333333
2019-11-25,98.98375,0.0,30.708333333333332,0.75375,28.65416666666667,258.9583333333333,1.51375,0.8291666666666666
2019-11-26,98.95666666666666,0.0,37.083333333333336,0.7710833333333333,27.787499999999998,253.5,1.35375,0.7370833333333334
2019-11-27,98.94666666666666,0.0,30.0,0.728125,27.21666666666667,227.5,1.36,0.7312500000000001
2019-11-28,98.98375,0.0,43.583333333333336,0.761,26.670833333333334,223.08333333333334,1.1441666666666668,0.6224999999999999
2019-11-29,99.00208333333335,0.0,85.83333333333333,0.7495833333333333,27.704166666666666,235.79166666666666,1.1725,0.6545833333333334
2019-11-30,98.9475,0.0,135.66666666666666,0.7391666666666666,27.40833333333333,246.04166666666666,1.5433333333333332,0.7708333333333334
2019-12-01,98.98,0.0,80.41666666666667,0.7864166666666667,26.7,248.79166666666666,1.2129166666666666,0.6704166666666667
2019-12-02,98.98208333333334,0.0,80.95833333333333,0.7732916666666667,26.849999999999998,256.6666666666667,1.3270833333333334,0.7591666666666667
2019-12-03,98.97666666666667,0.0,103.66666666666667,0.7491249999999999,27.995833333333334,259.8333333333333,1.5304166666666668,0.8283333333333333
2019-12-04,98.93583333333333,0.0,75.91666666666667,0.7288749999999999,28.333333333333332,253.20833333333334,1.0779166666666666,0.6254166666666666
2019-12-05,98.90333333333332,0.0,124.83333333333333,0.7296666666666667,28.09583333333333,239.29166666666666,1.3425,0.6795833333333333
2019-12-06,98.95958333333334,0.022708333333333334,107.58333333333333,0.7675416666666667,27.27916666666667,260.75,1.425,0.7712500000000001
2019-12-07,98.96916666666668,0.0007083333333333334,118.16666666666667,0.7632916666666666,26.9375,212.0,1.015,0.5650000000000001
2019-12-08,98.99416666666667,0.0,108.83333333333333,0.742375,27.537499999999998,232.91666666666666,1.2654166666666666,0.6979166666666666
2019-12-09,98.99708333333332,0.0,94.04166666666667,0.738375,27.991666666666664,234.33333333333334,1.3620833333333333,0.7975
2019-12-10,98.93833333333333,0.0,164.45833333333334,0.7095833333333333,28.345454545454547,259.9583333333333,1.5777272727272729,1.4983333333333333
2019-12-11,98.92916666666667,0.0,151.0,0.7058333333333334,28.771428571428572,242.04166666666666,1.1199999999999999,1.3129166666666667
2019-12-12,98.98041666666667,0.0,118.95833333333333,0.7579166666666667,26.954166666666666,198.04166666666666,1.2954166666666667,0.6645833333333334
2019-12-13,99.03375,0.0,109.125,0.7645833333333334,26.320833333333336,233.54166666666666,1.0579166666666666,0.6083333333333333
2019-12-14,99.09416666666668,0.0,94.70833333333333,0.7487499999999999,25.270833333333332,192.625,1.1612500000000001,0.56875
2019-12-15,99.04124999999999,0.0,116.45833333333333,0.7583333333333333,25.770833333333332,167.66666666666666,0.9129166666666667,0.4816666666666667
2019-12-16,98.87458333333335,0.0,144.58333333333334,0.68375,25.695833333333336,211.58333333333334,1.0620833333333333,0.6095833333333334
2019-12-17,98.89208333333333,0.0,71.45833333333333,0.7179166666666666,25.379166666666666,209.25,1.1191666666666666,0.6229166666666667
2019-12-18,98.96958333333333,0.0,97.91666666666667,0.7258333333333334,27.104166666666668,228.5,1.0508333333333333,0.575
2019-12-19,99.03875,0.0,139.875,0.6925,26.837500000000002,208.83333333333334,1.04,0.5316666666666666
2019-12-20,99.01166666666667,0.0,59.083333333333336,0.6983333333333333,27.195833333333336,210.08333333333334,1.2033333333333334,0.6545833333333334
2019-12-21,99.07166666666666,0.0,97.375,0.7383333333333333,27.1125,203.79166666666666,0.9654166666666667,0.5095833333333334
2019-12-22,99.06625000000001,0.0,152.16666666666666,0.6275000000000001,25.8,174.04166666666666,1.2270833333333333,0.63125
2019-12-23,99.01416666666667,0.0,18.916666666666668,0.5729166666666666,24.0,112.29166666666667,1.5066666666666668,0.82625
2019-12-24,98.99708333333332,0.0,40.458333333333336,0.5754166666666667,24.45,131.20833333333334,1.2770833333333333,0.6833333333333332
2019-12-25,99.02375,0.0,214.83333333333334,0.6058333333333333,25.204166666666666,177.91666666666666,1.4433333333333334,0.7658333333333333
2019-12-26,98.97083333333335,0.0,211.5,0.57625,24.295833333333334,122.95833333333333,1.3354166666666665,0.6966666666666667
2019-12-27,98.97250000000001,0.0,209.875,0.6170833333333333,24.691666666666666,112.75,1.1175,0.5970833333333333
2019-12-28,98.93291666666666,0.0,193.16666666666666,0.585,24.516666666666666,112.375,0.9674999999999999,0.5216666666666666
2019-12-29,98.82833333333333,0.0,221.91666666666666,0.5187499999999999,24.46666666666667,135.125,1.2133333333333334,0.62375
2019-12-30,98.83666666666666,0.0,219.20833333333334,0.5183333333333333,22.920833333333334,158.08333333333334,1.2491666666666668,0.645
2019-12-31,98.88791666666667,0.0,212.58333333333334,0.545,23.474999999999998,129.83333333333334,1.2554166666666666,0.6183333333333333
2020-01-01,98.95666666666666,0.0,205.75,0.5041666666666667,23.741666666666664,137.16666666666666,1.6166666666666665,0.79625
2020-01-02,99.06333333333333,0.0,202.95833333333334,0.3416666666666666,24.741666666666664,81.41666666666667,3.095,1.5341666666666667
2020-01-03,99.14291666666666,0.0,209.79166666666666,0.34041666666666665,23.425,73.83333333333333,3.047083333333333,1.4720833333333332
2020-01-04,99.13958333333333,0.0,187.0,0.35333333333333333,23.754166666666666,45.583333333333336,2.591666666666667,1.2720833333333335
2020-01-05,99.03166666666665,0.0,165.29166666666666,0.435,24.07083333333333,122.20833333333333,1.5966666666666667,0.8175
2020-01-06,98.92333333333333,0.0,159.66666666666666,0.5616666666666666,25.15833333333333,147.5,1.15,0.5879166666666666
2020-01-07,98.88958333333333,0.0,161.16666666666666,0.5458333333333333,26.516666666666666,147.33333333333334,1.2950000000000002,0.6754166666666667
2020-01-08,99.01916666666666,0.0,137.54166666666666,0.5975,26.829166666666666,131.54166666666666,0.8666666666666667,0.47125
2020-01-09,99.00291666666668,0.0,175.66666666666666,0.5766666666666667,26.633333333333336,219.66666666666666,1.0683333333333334,0.535
2020-01-10,99.1375,0.0,151.25,0.7108333333333333,28.025000000000002,222.33333333333334,1.5516666666666667,0.7879166666666667
2020-01-11,99.17541666666666,0.0,137.83333333333334,0.7279166666666667,28.270833333333332,230.25,2.0775,0.9733333333333333
2020-01-12,99.09333333333332,0.0,153.04166666666666,0.7179166666666666,28.287499999999998,244.54166666666666,1.30875,0.6295833333333333
2020-01-13,98.90458333333333,0.0,140.54166666666666,0.7458333333333332,27.941666666666666,259.4166666666667,1.38,0.75
2020-01-14,98.83333333333333,0.0,195.45833333333334,0.6120833333333333,28.837500000000002,233.875,1.38,0.7170833333333334
2020-01-15,98.85458333333334,0.0,199.04166666666666,0.62875,28.737499999999997,202.625,1.5970833333333332,0.7941666666666666
2020-01-16,98.99416666666667,0.0,171.95833333333334,0.665,26.520833333333332,205.375,1.0341666666666667,0.5716666666666667
2020-01-17,99.11083333333333,0.0,172.54166666666666,0.6229166666666667,26.5,177.70833333333334,1.3708333333333333,0.6654166666666667
2020-01-18,99.14625000000001,0.0,178.04166666666666,0.59375,26.929166666666664,207.04166666666666,1.3408333333333333,0.685
2020-01-19,99.03583333333334,0.0,165.25,0.5154166666666667,24.645833333333332,134.125,1.3958333333333333,0.7050000000000001
2020-01-20,98.93708333333335,0.0,157.75,0.5325,24.9875,137.66666666666666,1.1120833333333333,0.5333333333333333
2020-01-21,98.99708333333332,0.0,147.0,0.5391666666666667,25.995833333333334,114.08333333333333,1.2862500000000001,0.6283333333333333
2020-01-22,98.97250000000001,0.0,158.66666666666666,0.5225,27.2375,211.41666666666666,1.0033333333333332,0.555
2020-01-23,98.98916666666666,0.0,165.625,0.5754166666666667,26.775000000000002,152.20833333333334,1.1424999999999998,0.57625
2020-01-24,99.03500000000001,0.0,184.58333333333334,0.37125,25.383333333333336,103.83333333333333,1.6245833333333335,0.7595833333333334
2020-01-25,99.03875,0.0,199.375,0.3254166666666667,24.691666666666666,135.0,1.8929166666666666,0.9158333333333334
2020-01-26,99.07125,0.0,171.33333333333334,0.36000000000000004,24.53333333333333,112.20833333333333,1.4375,0.6833333333333332
2020-01-27,99.04416666666667,0.0,149.25,0.4825,23.53333333333333,144.0,1.1154166666666667,0.58875
2020-01-28,99.07416666666667,0.0,137.0,0.5354166666666667,24.349999999999998,163.45833333333334,0.8395833333333332,0.44708333333333333
2020-01-29,99.01416666666667,0.0,181.08333333333334,0.4920833333333334,25.129166666666666,191.58333333333334,1.1891666666666667,0.62
2020-01-30,99.15375,0.0,174.125,0.5470833333333333,24.55,149.91666666666666,1.10875,0.5866666666666667
2020-01-31,99.17583333333333,0.0,168.95833333333334,0.6425,25.2375,175.91666666666666,1.2391666666666667,0.67375
2020-02-01,99.08416666666666,0.0,189.66666666666666,0.5275,25.483333333333334,137.0,1.3529166666666665,0.7158333333333333
2020-02-02,99.11708333333333,0.0,191.58333333333334,0.4604166666666667,24.05,143.66666666666666,1.4875,0.7504166666666667
2020-02-03,99.13291666666667,0.0,183.20833333333334,0.46708333333333335,25.1375,127.5,1.65625,0.7987500000000001
2020-02-04,99.17333333333333,0.0,171.33333333333334,0.5845833333333333,26.054166666666664,196.08333333333334,1.22875,0.6633333333333333
2020-02-05,99.075,0.0,160.91666666666666,0.5954166666666667,25.879166666666666,160.375,1.2320833333333334,0.62625
2020-02-06,99.0,0.0,173.91666666666666,0.5279166666666667,26.0625,161.91666666666666,1.0233333333333332,0.55125
2020-02-07,98.99000000000001,0.0,172.66666666666666,0.4558333333333333,26.275000000000002,126.875,1.6979166666666667,0.8695833333333334
2020-02-08,98.98541666666667,0.0,165.54166666666666,0.44249999999999995,26.666666666666668,165.5,1.36625,0.6654166666666667
2020-02-09,99.06875000000001,0.0,156.29166666666666,0.6166666666666667,26.608333333333334,184.95833333333334,1.8841666666666665,0.8612500000000001
2020-02-10,99.14458333333333,0.0007083333333333334,137.20833333333334,0.6729166666666666,27.879166666666666,238.58333333333334,1.2995833333333333,0.6979166666666666
2020-02-11,99.06791666666668,0.0,145.91666666666666,0.33749999999999997,28.004166666666666,115.70833333333333,1.8283333333333334,0.8795833333333333
2020-02-12,99.03041666666667,0.0,140.41666666666666,0.2525,27.891666666666666,104.41666666666667,2.285416666666667,1.0295833333333333
2020-02-13,99.00708333333334,0.0,150.91666666666666,0.39375,26.620833333333334,189.58333333333334,1.3299999999999998,0.6920833333333333
2020-02-14,98.85791666666667,0.0,164.95833333333334,0.42041666666666666,27.041666666666668,142.04166666666666,1.2725,0.6495833333333333
2020-02-15,98.81333333333333,0.0,167.91666666666666,0.45708333333333334,27.354166666666668,151.41666666666666,1.2445833333333334,0.5712499999999999
2020-02-16,98.91041666666666,0.0,154.875,0.6358333333333334,27.891666666666666,208.625,1.2245833333333334,0.7174999999999999
2020-02-17,98.96249999999999,0.0007083333333333334,162.625,0.68125,28.416666666666668,239.625,1.7566666666666666,0.8737499999999999
2020-02-18,98.99916666666667,0.0,169.95833333333334,0.6783333333333333,29.46666666666667,242.79166666666666,1.9533333333333334,0.98375
2020-02-19,98.87291666666665,0.0,162.79166666666666,0.6544166666666666,30.016666666666666,241.91666666666666,1.5004166666666665,0.7420833333333333
2020-02-20,98.7475,0.0,165.125,0.6848333333333333,29.962500000000002,246.625,1.4195833333333334,0.7345833333333333
2020-02-21,98.7475,0.0007083333333333334,168.29166666666666,0.6529583333333333,29.88333333333333,212.375,1.5199999999999998,0.7775
2020-02-22,98.82791666666667,0.0,165.0,0.659875,30.837500000000002,273.375,1.8133333333333335,0.9904166666666666
2020-02-23,98.92291666666667,0.0,160.66666666666666,0.629375,30.825,257.4166666666667,1.8312499999999998,0.9354166666666667
2020-02-24,98.89708333333334,0.0,171.5,0.6190833333333333,29.933333333333334,269.4583333333333,1.6066666666666667,0.8545833333333334
2020-02-25,98.87583333333333,0.0,160.75,0.5477083333333334,29.2375,211.5,1.7774999999999999,0.855
2020-02-26,98.82916666666667,0.0,146.79166666666666,0.7155,28.758333333333336,243.25,1.5562500000000001,0.8020833333333334
2020-02-27,98.86166666666666,0.0,155.5,0.7006666666666667,30.2,268.75,1.9679166666666668,0.98375
2020-02-28,98.93333333333334,0.0,129.66666666666666,0.582375,29.8,238.45833333333334,2.3579166666666667,1.13625
2020-02-29,98.84083333333332,0.0,149.91666666666666,0.6861666666666667,30.454166666666666,246.54166666666666,2.2933333333333334,1.13625
2020-03-01,98.88916666666667,0.0,125.125,0.7150833333333333,30.1875,242.625,2.3408333333333333,1.0958333333333334
2020-03-02,99.04958333333333,0.07020833333333333,132.625,0.7629583333333333,28.395833333333332,256.625,2.3245833333333334,1.1554166666666668
2020-03-03,99.12625000000001,0.004958333333333334,179.91666666666666,0.7100416666666667,28.45,221.75,2.2891666666666666,1.1704166666666667
2020-03-04,99.09041666666667,0.0,183.0,0.6965833333333333,30.09166666666667,262.0833333333333,2.0233333333333334,1.0333333333333334
2020-03-05,98.955,0.0,190.0,0.7015416666666666,30.379166666666666,279.7916666666667,2.1620833333333334,1.1429166666666666
2020-03-06,98.8575,0.0007083333333333334,146.45833333333334,0.73175,28.9875,241.625,1.9087500000000002,0.8766666666666666
2020-03-07,98.85291666666666,0.0,182.25,0.7047916666666666,28.59166666666667,249.16666666666666,2.1529166666666666,1.0887499999999999
2020-03-08,98.93916666666667,0.0,189.54166666666666,0.6979166666666666,29.683333333333334,266.0,1.89125,0.96125
2020-03-09,98.85958333333333,0.0,189.33333333333334,0.7055416666666666,29.979166666666668,256.9583333333333,2.0679166666666666,0.9491666666666667
2020-03-10,98.77291666666667,0.0,160.5,0.7154583333333333,30.295833333333334,263.125,2.7449999999999997,1.3479166666666667
2020-03-11,98.80666666666667,0.0014166666666666668,156.29166666666666,0.7365416666666667,28.97083333333333,254.47619047619048,3.1409523809523807,1.5147619047619048
2020-03-12,98.7925,0.0,164.375,0.7755,27.849999999999998,244.95454545454547,1.960909090909091,1.018181818181818
2020-03-13,98.87208333333332,0.0,129.20833333333334,0.7723333333333334,28.4875,235.41666666666666,1.5220833333333335,0.8008333333333333
2020-03-14,98.93624999999999,0.0,175.33333333333334,0.7491249999999999,29.270833333333332,267.6666666666667,1.67,0.9133333333333332
2020-03-15,98.83083333333333,0.0,200.625,0.6972083333333333,29.900000000000002,258.6666666666667,2.1233333333333335,1.0629166666666667
2020-03-16,98.79708333333333,0.0,195.54166666666666,0.710875,29.90833333333333,269.9166666666667,2.2820833333333335,1.1308333333333334
2020-03-17,98.82249999999999,0.0,165.25,0.7192500000000001,30.099999999999998,265.9583333333333,2.3558333333333334,1.105
2020-03-18,98.88416666666666,0.18704166666666666,171.625,0.7560434782608695,29.12173913043478,262.3809523809524,2.802857142857143,1.4947619047619047
2020-03-19,98.9225,0.05604166666666666,166.875,0.810304347826087,27.495652173913044,224.23076923076923,7.766923076923077,2.641538461538462
2020-03-20,98.93958333333335,0.0,142.54166666666666,0.8028333333333334,27.229166666666668,241.46666666666667,3.1580000000000004,1.556
2020-03-21,98.88208333333334,0.0,191.08333333333334,0.7350833333333333,29.395833333333332,252.5,2.189583333333333,1.1575
2020-03-22,98.87208333333332,0.0,147.70833333333334,0.7550833333333333,28.875,229.5,2.315,1.0799999999999998
2020-03-23,98.92916666666667,0.0,95.0,0.7763333333333334,28.145833333333332,248.875,2.3691666666666666,1.1358333333333333
2020-03-24,99.02541666666667,0.042541666666666665,115.91666666666667,0.8199583333333335,24.599999999999998,240.06666666666666,1.9273333333333333,1.0273333333333334
2020-03-25,98.99874999999999,0.0,204.83333333333334,0.7575416666666667,27.195833333333336,231.33333333333334,2.3975,1.1683333333333332
2020-03-26,98.89999999999999,0.18774999999999997,172.375,0.7858333333333333,26.604166666666668,241.21052631578948,1.5405263157894737,0.8010526315789473
2020-03-27,98.91416666666667,0.014166666666666666,148.875,0.820625,27.09583333333333,215.5,2.164375,1.139375
2020-03-28,98.935,0.0,185.08333333333334,0.7999999999999999,27.129166666666666,208.41666666666666,1.9400000000000002,1.0174999999999998
2020-03-29,98.86833333333334,0.0,170.91666666666666,0.773375,28.400000000000002,237.0,2.160416666666667,1.0495833333333333
2020-03-30,98.77416666666666,0.0,168.75,0.7729166666666667,28.6375,238.58333333333334,2.379166666666667,1.1300000000000001
2020-03-31,98.81375000000001,0.0,167.75,0.7669583333333333,28.933333333333334,228.625,2.4091666666666667,1.0533333333333335
2020-04-01,98.90625,0.0,158.79166666666666,0.740125,27.391666666666666,216.20833333333334,2.6391666666666667,1.3387499999999999
2020-04-02,98.8575,0.0,214.0,0.7457916666666667,28.3625,217.91666666666666,2.0395833333333333,1.0195833333333333
2020-04-03,98.85416666666667,0.0,180.625,0.7382083333333332,28.941666666666666,238.66666666666666,2.4179166666666667,1.0895833333333333
2020-04-04,99.01833333333333,0.081375,115.16666666666667,0.8028333333333334,25.745833333333334,200.58823529411765,2.309411764705882,1.0994117647058825
2020-04-05,98.95833333333333,0.0,227.29166666666666,0.7643749999999999,28.633333333333336,245.125,1.8108333333333333,0.87
2020-04-06,99.03791666666666,0.0,202.20833333333334,0.80075,27.116666666666664,228.54166666666666,2.0187500000000003,0.9929166666666666
2020-04-07,98.94,0.0007083333333333334,240.08333333333334,0.760625,28.3125,217.95833333333334,2.25625,1.0833333333333333
2020-04-08,98.91416666666667,0.0,222.29166666666666,0.7552083333333334,28.5625,209.54166666666666,2.28875,1.2433333333333334
2020-04-09,98.90750000000001,0.003541666666666667,188.16666666666666,0.7522083333333334,28.8,206.58333333333334,2.4254166666666666,1.0716666666666665
2020-04-10,98.955,0.0,166.54166666666666,0.7524166666666666,27.016666666666666,222.0,2.22625,1.0858333333333332
2020-04-11,99.00208333333335,0.0,195.75,0.7307916666666667,28.662499999999998,186.04166666666666,1.73375,0.82125
2020-04-12,98.97958333333334,0.0,202.91666666666666,0.7174166666666667,28.733333333333334,228.33333333333334,1.46375,0.7795833333333334
2020-04-13,98.93374999999999,0.0,172.45833333333334,0.7339583333333333,29.59583333333333,239.33333333333334,2.1154166666666665,1.0225
2020-04-14,98.88875,0.0014166666666666668,183.58333333333334,0.753875,28.916666666666668,233.33333333333334,1.8791666666666667,0.8916666666666666
2020-04-15,98.89541666666666,0.0,225.875,0.7759583333333334,28.675,245.375,1.6320833333333333,0.88375
2020-04-16,98.82541666666667,0.0,139.54166666666666,0.7552083333333334,29.620833333333334,268.2916666666667,2.0216666666666665,1.095
2020-04-17,98.79291666666667,0.0,147.79166666666666,0.7715833333333334,29.058333333333334,256.2916666666667,2.43875,1.1995833333333332
2020-04-18,98.92791666666666,0.0,194.875,0.75425,28.983333333333334,251.29166666666666,2.4091666666666667,1.1579166666666667
2020-04-19,99.12625000000001,0.0,133.20833333333334,0.7755,28.162499999999998,246.20833333333334,2.4975,1.1245833333333335
2020-04-20,99.08166666666666,0.0,208.625,0.7298333333333332,28.708333333333332,246.5,2.6775,1.3420833333333333
2020-04-21,98.96583333333332,0.0042499999999999994,212.04166666666666,0.7315833333333334,29.170833333333334,269.125,2.3337499999999998,1.11625
2020-04-22,98.90291666666667,0.004958333333333333,154.04166666666666,0.8034583333333334,26.3875,233.2,2.132,1.1213333333333333
2020-04-23,98.87333333333333,0.0,198.04166666666666,0.7504583333333333,28.133333333333336,210.70833333333334,1.9720833333333332,0.8966666666666666
2020-04-24,98.87833333333333,0.0,162.70833333333334,0.7535416666666667,28.954166666666666,240.83333333333334,1.9249999999999998,0.9270833333333334
2020-04-25,98.89541666666668,0.0,181.25,0.7601249999999999,28.879166666666666,252.08333333333334,2.89625,1.3645833333333333
2020-04-26,99.00375000000001,0.0014166666666666668,85.29166666666667,0.8559583333333333,23.84166666666667,233.93333333333334,1.7693333333333332,1.018
2020-04-27,99.08749999999999,0.0,181.125,0.781625,27.675,265.9166666666667,1.8883333333333334,0.9908333333333333
2020-04-28,99.09291666666667,0.0,225.33333333333334,0.7327916666666666,28.28333333333333,236.33333333333334,2.17875,0.975
2020-04-29,99.18458333333332,0.010625,175.125,0.7929166666666667,26.254166666666666,247.21052631578948,1.654736842105263,0.8047368421052632
2020-04-30,99.20958333333334,0.0,126.95833333333333,0.8080833333333333,26.787499999999998,238.45833333333334,1.6070833333333334,0.7875
2020-05-01,99.21375,0.0007083333333333334,233.125,0.7487499999999999,27.954166666666666,229.29166666666666,1.85375,0.92125
2020-05-02,99.07333333333334,0.0007083333333333334,152.83333333333334,0.7597916666666666,28.541666666666668,226.33333333333334,2.5050000000000003,1.1229166666666666
2020-05-03,99.0175,0.08154166666666667,79.625,0.8348333333333334,25.104166666666668,214.25,1.423125,0.69125
2020-05-04,99.02208333333334,0.0,166.25,0.7980416666666666,26.166666666666668,218.5,1.8195833333333333,0.9520833333333334
2020-05-05,99.00583333333333,0.0007083333333333334,209.0,0.76925,28.1375,259.4583333333333,1.6908333333333332,0.8408333333333333
2020-05-06,98.90625,0.0014166666666666668,205.45833333333334,0.7799166666666667,27.383333333333336,247.65,1.5554999999999999,0.7325
2020-05-07,98.90708333333333,0.007083333333333334,157.20833333333334,0.8325416666666667,27.125,211.64285714285714,2.2592857142857143,1.1649999999999998
2020-05-08,98.95416666666667,0.0021249999999999997,167.0,0.8400833333333333,27.0125,249.875,1.7249999999999999,0.9466666666666667
2020-05-09,98.98291666666667,0.0,183.0,0.8099583333333333,27.78333333333333,249.95652173913044,2.034782608695652,1.046521739130435
2020-05-10,99.05666666666667,0.08420833333333333,160.16666666666666,0.8060416666666667,26.204166666666666,243.6315789473684,1.4105263157894736,0.7052631578947368
2020-05-11,99.16833333333334,0.0,138.83333333333334,0.8235833333333334,26.620833333333334,246.16666666666666,1.5004166666666665,0.76625
2020-05-12,99.16791666666667,0.0,229.41666666666666,0.7723749999999999,27.945833333333336,260.25,1.8162500000000001,0.93375
2020-05-13,99.15333333333332,0.004958333333333334,167.79166666666666,0.7604166666666666,26.929166666666664,223.75,1.4166666666666667,0.6920833333333333
2020-05-14,99.04833333333333,0.0007083333333333334,186.58333333333334,0.797125,27.9875,246.875,1.5558333333333334,0.82875
2020-05-15,99.06458333333335,0.023374999999999996,147.5,0.8348749999999999,26.3,229.94736842105263,1.6578947368421053,0.8415789473684211
2020-05-16,99.03208333333333,0.004958333333333333,211.79166666666666,0.8189583333333333,27.991666666666664,257.2142857142857,2.177857142857143,1.1657142857142857
2020-05-17,99.06375000000001,0.0007083333333333334,186.75,0.7908750000000001,28.666666666666668,281.2083333333333,1.9779166666666665,0.9604166666666667
2020-05-18,99.1175,0.014875,162.20833333333334,0.8078333333333333,27.916666666666668,236.625,1.7225,0.7979166666666666
2020-05-19,99.21875,0.0,134.66666666666666,0.8140000000000001,27.2375,254.83333333333334,1.78625,0.8891666666666667
2020-05-20,99.15958333333333,0.0,208.16666666666666,0.7795833333333334,27.3125,224.45833333333334,2.120833333333333,0.9658333333333333
2020-05-21,99.18,0.0,218.91666666666666,0.7860833333333334,27.925,242.45833333333334,2.0541666666666667,0.9245833333333334
2020-05-22,99.22083333333335,0.010625,116.20833333333333,0.8188749999999999,26.95,229.83333333333334,2.0083333333333333,0.9075000000000001
2020-05-23,99.18041666666666,0.0,154.54166666666666,0.7995833333333334,26.870833333333334,190.375,1.5370833333333334,0.7391666666666666
2020-05-24,99.14083333333333,0.23791666666666667,122.04166666666667,0.8588749999999999,25.400000000000002,249.07142857142858,1.1757142857142857,0.6857142857142857
2020-05-25,99.15958333333333,0.0007083333333333334,138.375,0.8618333333333333,25.5,273.3333333333333,1.1725,0.6641666666666667
2020-05-26,99.13583333333334,0.0014166666666666668,204.70833333333334,0.8220833333333334,27.120833333333334,260.0416666666667,1.1545833333333333,0.6120833333333333
2020-05-27,99.13375,0.0,123.04166666666667,0.8392083333333334,26.47083333333333,268.7083333333333,1.1654166666666665,0.65625
2020-05-28,99.08999999999999,0.020583333333333332,54.375,0.8725833333333334,24.170833333333334,208.91666666666666,1.4004166666666666,0.6625
2020-05-29,99.01125,0.0,198.29166666666666,0.8135416666666666,26.804166666666664,258.625,1.5604166666666666,0.8008333333333333
2020-05-30,99.04541666666667,0.0,142.20833333333334,0.8214583333333333,27.212500000000002,254.58333333333334,1.6804166666666667,0.8058333333333333
2020-05-31,99.17208333333333,0.0,173.41666666666666,0.7942916666666666,27.6125,257.5,1.6754166666666668,0.8291666666666666
2020-06-01,99.22416666666668,0.0,123.625,0.81,27.054166666666664,268.4583333333333,1.5987500000000001,0.8016666666666667
2020-06-02,99.1875,0.023375000000000003,173.66666666666666,0.8032499999999999,25.287499999999998,223.88888888888889,1.1944444444444444,0.6066666666666667
2020-06-03,99.14541666666666,0.0,191.70833333333334,0.7971666666666667,26.895833333333332,253.125,1.3570833333333334,0.7108333333333333
2020-06-04,99.11625,0.0,183.91666666666666,0.7951666666666667,27.483333333333334,261.0416666666667,1.8091666666666668,0.8170833333333333
2020-06-05,99.24291666666666,0.0,163.79166666666666,0.7915833333333334,27.0125,273.2083333333333,1.365,0.6925
2020-06-06,99.2425,0.06308333333333334,135.625,0.7937083333333333,27.383333333333336,236.95454545454547,1.6327272727272728,0.8027272727272727
2020-06-07,99.23583333333333,0.005666666666666667,198.875,0.8260833333333334,25.65416666666667,251.5,1.3983333333333334,0.7324999999999999
2020-06-08,99.07583333333334,0.0,172.375,0.8020833333333334,27.474999999999998,265.4583333333333,1.7625,0.8745833333333333
2020-06-09,99.15958333333333,0.10137499999999999,141.25,0.80825,25.208333333333332,227.78571428571428,1.7464285714285714,0.7685714285714286
2020-06-10,99.16624999999999,0.0,178.54166666666666,0.7972916666666667,26.59583333333333,247.70833333333334,1.455,0.6891666666666666
2020-06-11,99.23541666666667,0.0,164.875,0.79725,26.599999999999998,269.4166666666667,2.5425,1.2116666666666667
2020-06-12,99.14875,0.0014166666666666668,102.875,0.8285833333333333,25.6875,255.16666666666666,1.5825000000000002,0.7616666666666667
2020-06-13,99.14416666666666,0.0,130.41666666666666,0.7989166666666666,26.479166666666668,238.83333333333334,1.0641666666666667,0.49875
2020-06-14,99.18916666666667,0.0,133.375,0.8136666666666666,26.425,260.7083333333333,1.8958333333333333,0.82375
2020-06-15,99.23875,0.0007083333333333334,142.41666666666666,0.796625,27.633333333333336,266.375,1.8391666666666666,0.8620833333333334
2020-06-16,99.11625,0.09199999999999998,134.08333333333334,0.8153333333333332,26.97083333333333,261.04761904761904,2.0428571428571427,0.9895238095238096
2020-06-17,99.1075,0.0,121.875,0.8579583333333334,25.72083333333333,238.11111111111111,2.112222222222222,0.9144444444444445
2020-06-18,99.24000000000001,0.2040833333333333,62.041666666666664,0.8870833333333333,23.45,255.69230769230768,1.926923076923077,0.856923076923077
2020-06-19,99.35374999999999,0.0,145.33333333333334,0.8440416666666667,25.120833333333334,251.14285714285714,1.3528571428571428,0.687142857142857
2020-06-20,99.32291666666667,0.0,117.16666666666667,0.8319583333333332,25.566666666666666,236.79166666666666,1.8308333333333333,0.8208333333333333
2020-06-21,99.23208333333334,0.0,139.33333333333334,0.8296666666666667,25.6375,241.5,1.5975000000000001,0.7091666666666666
2020-06-22,99.14583333333333,0.19200000000000003,82.54166666666667,0.8599166666666666,23.791666666666668,274.05882352941177,1.371764705882353,0.6476470588235294
2020-06-23,99.04875,0.0,156.0,0.8259166666666666,25.170833333333334,272.6666666666667,1.4083333333333332,0.7070833333333333
2020-06-24,99.08833333333332,0.0,128.70833333333334,0.8262083333333333,26.129166666666666,265.2916666666667,1.5266666666666666,0.7520833333333333
2020-06-25,99.06958333333334,0.0014166666666666668,133.70833333333334,0.8493333333333334,25.420833333333334,280.88235294117646,1.281764705882353,0.6064705882352941
2020-06-26,99.05916666666667,0.15725,108.16666666666667,0.855625,24.870833333333334,257.05263157894734,2.0126315789473685,0.8663157894736843
2020-06-27,98.98458333333333,0.0,150.625,0.840875,25.275000000000002,245.25,2.5233333333333334,0.9375
2020-06-28,99.05458333333333,0.0,120.70833333333333,0.8249583333333333,25.683333333333334,260.75,2.0841666666666665,0.9733333333333333
2020-06-29,99.12541666666665,0.019125,122.04166666666667,0.8697083333333334,24.329166666666666,256.375,1.8712499999999999,0.870625
2020-06-30,99.15291666666667,0.10970833333333334,59.791666666666664,0.8997916666666667,23.816666666666666,270.75,1.4783333333333333,0.8675
2020-07-01,99.11541666666666,0.0014166666666666668,183.08333333333334,0.85525,25.733333333333334,287.0,1.4124999999999999,0.9033333333333333
2020-07-02,99.06124999999999,0.0,149.91666666666666,0.8159166666666667,26.454166666666666,261.2083333333333,1.4995833333333335,0.7275
2020-07-03,99.02125000000001,0.0,172.95833333333334,0.8156249999999999,26.3,260.9583333333333,2.18625,0.9883333333333333
2020-07-04,99.12041666666666,0.03191666666666667,83.79166666666667,0.8560833333333333,24.21666666666667,240.25,2.15875,0.9566666666666667
2020-07-05,99.15166666666666,0.0,146.75,0.852125,24.983333333333334,273.375,1.8891666666666664,1.1054166666666667
2020-07-06,99.08208333333333,0.0014166666666666668,124.54166666666667,0.8417083333333334,25.75,280.6666666666667,1.6754166666666668,0.84125
2020-07-07,99.01666666666667,0.07941666666666666,151.29166666666666,0.8535833333333334,24.954166666666666,238.75,1.605625,0.804375
2020-07-08,99.00375000000001,0.0,87.45833333333333,0.8402083333333333,24.9375,244.41666666666666,1.8041666666666665,0.7795833333333334
2020-07-09,99.12624999999998,0.1615,113.125,0.8655833333333334,24.129166666666666,270.88235294117646,1.7888235294117647,0.7976470588235295
2020-07-10,99.17541666666666,0.18775,71.125,0.8853478260869565,23.370833333333334,278.1818181818182,1.739090909090909,0.9418181818181818
2020-07-11,99.21,0.009916666666666666,111.125,0.880125,24.125,292.8333333333333,1.9416666666666667,1.3258333333333334
2020-07-12,99.26541666666667,0.12608333333333333,107.29166666666667,0.8714166666666667,24.3625,285.8333333333333,1.6477777777777778,0.8433333333333333
2020-07-13,99.13541666666667,0.0014166666666666668,58.75,0.87,23.8625,280.1333333333333,5.790666666666667,1.0892857142857142
2020-07-14,99.11833333333334,0.0007083333333333334,123.91666666666667,0.8417916666666666,24.483333333333334,273.75,1.7754166666666666,0.7708333333333334
2020-07-15,99.19,0.0,61.541666666666664,0.8413750000000001,23.866666666666664,248.04166666666666,1.4979166666666668,0.6775000000000001
2020-07-16,99.30041666666666,0.0,51.291666666666664,0.8430416666666667,23.541666666666668,255.0,1.5191666666666668,0.6683333333333333
2020-07-17,99.27875,0.0,60.625,0.847375,23.816666666666666,247.29166666666666,1.3770833333333332,0.60125
2020-07-18,99.22541666666666,0.0,141.625,0.8130416666666666,25.09166666666667,252.83333333333334,1.5491666666666666,0.6870833333333333
2020-07-19,99.1425,0.0,131.91666666666666,0.820875,24.770833333333332,255.875,1.7245833333333334,0.7483333333333334
2020-07-20,99.09666666666668,0.0,163.08333333333334,0.818375,25.162499999999998,242.375,1.79625,0.7875
2020-07-21,99.10666666666667,0.03191666666666667,120.75,0.8415833333333333,24.72083333333333,243.66666666666666,1.64875,0.7766666666666667
2020-07-22,99.13916666666667,0.028375,103.95833333333333,0.869125,24.525000000000002,259.95,1.433,0.674
2020-07-23,99.09249999999999,0.0,153.91666666666666,0.831875,25.233333333333334,238.64285714285714,2.349285714285714,1.0628571428571427
2020-07-24,99.0825,0.0,121.66666666666667,0.8178333333333333,25.054166666666664,249.125,1.7483333333333333,0.7487499999999999
2020-07-25,99.14041666666667,0.0,166.0,0.7935,25.425,255.125,2.1266666666666665,0.9729166666666668
2020-07-26,99.17750000000001,0.0,171.16666666666666,0.815375,24.77916666666667,247.45833333333334,2.2075,1.0
2020-07-27,99.20833333333333,0.005666666666666667,99.91666666666667,0.8182499999999999,24.604166666666668,252.66666666666666,2.02375,0.9566666666666667
2020-07-28,99.21291666666667,0.0007083333333333334,63.791666666666664,0.8378333333333333,24.037499999999998,260.1578947368421,2.3131578947368423,1.028421052631579
2020-07-29,99.23166666666667,0.0,145.45833333333334,0.81875,24.508333333333336,252.26666666666668,2.5906666666666665,1.3473333333333335
2020-07-30,99.23625,0.0,137.04166666666666,0.7969166666666667,24.933333333333334,255.54166666666666,2.05375,0.9204166666666667
2020-07-31,99.23666666666666,0.0,51.625,0.8369583333333334,23.645833333333332,239.0,2.1820833333333334,1.03125
2020-08-01,99.34083333333332,0.0007083333333333334,144.20833333333334,0.8085,25.245833333333334,235.70833333333334,2.03,0.9354166666666667
2020-08-02,99.38166666666666,0.0,100.16666666666667,0.8068333333333334,24.579166666666666,249.375,2.2708333333333335,1.01625
2020-08-03,99.45625,0.0,64.70833333333333,0.8179166666666666,23.90416666666667,245.875,1.7891666666666666,0.8933333333333334
2020-08-04,99.47958333333334,0.0,171.66666666666666,0.777875,24.8125,243.125,2.4250000000000003,1.1195833333333334
2020-08-05,99.37333333333333,0.0,137.75,0.7915,24.320833333333336,229.33333333333334,2.592916666666667,1.205
2020-08-06,99.38375,0.0,79.54166666666667,0.7950416666666666,23.420833333333334,231.79166666666666,3.189583333333333,1.415
2020-08-07,99.42083333333333,0.0,75.5,0.8119999999999999,22.945833333333336,229.91666666666666,2.1029166666666668,0.9308333333333333
2020-08-08,99.52041666666668,0.0,154.5,0.7822083333333333,23.945833333333336,196.08333333333334,1.6316666666666666,0.8004166666666667
2020-08-09,99.38,0.0,147.66666666666666,0.79175,23.6125,224.91666666666666,1.69625,0.9004166666666666
2020-08-10,99.24916666666667,0.0,74.70833333333333,0.800875,23.712500000000002,225.41666666666666,2.4566666666666666,1.0729166666666667
2020-08-11,99.28291666666667,0.0,143.125,0.7799583333333334,24.733333333333334,228.08333333333334,2.2479166666666663,1.0704166666666668
2020-08-12,99.28833333333334,0.0,204.66666666666666,0.7565,24.929166666666664,253.25,1.8099999999999998,0.8991666666666666
2020-08-13,99.2075,0.0,138.375,0.7845416666666667,24.84583333333333,248.79166666666666,1.7583333333333335,0.8054166666666666
2020-08-14,99.06958333333334,0.027625,30.083333333333332,0.8667916666666667,22.520833333333332,245.95833333333334,1.6341666666666665,0.745
2020-08-15,99.07125,0.0,142.75,0.8205833333333333,24.833333333333332,233.41666666666666,1.7866666666666668,0.8766666666666666
2020-08-16,99.07458333333334,0.0,137.25,0.8020833333333334,25.245833333333334,236.625,1.4475,0.7295833333333334
2020-08-17,99.00625000000001,0.0,71.125,0.8172916666666666,24.191666666666666,250.25,1.82625,0.82125
2020-08-18,99.00791666666667,0.0,124.33333333333333,0.7974166666666666,25.291666666666668,232.08333333333334,1.735,0.7799999999999999
2020-08-19,98.93041666666666,0.0,124.125,0.7912083333333334,25.5625,251.41666666666666,2.0475,0.9725
2020-08-20,98.90458333333333,0.0,78.04166666666667,0.8025416666666666,24.833333333333332,249.875,2.2912500000000002,1.1175
2020-08-21,98.98791666666666,0.0,47.333333333333336,0.8271666666666667,24.22083333333333,227.375,2.6908333333333334,1.1741666666666666
2020-08-22,99.13708333333334,0.0,93.625,0.8272916666666666,24.4875,229.58333333333334,2.2375000000000003,1.03
2020-08-23,99.20541666666666,0.0,138.83333333333334,0.7926666666666667,25.40416666666667,252.70833333333334,1.7579166666666666,0.93125
2020-08-24,99.09875,0.0,101.66666666666667,0.7735833333333333,24.683333333333334,227.66666666666666,2.1891666666666665,1.0562500000000001
2020-08-25,99.10666666666667,0.0,93.54166666666667,0.8021666666666666,24.079166666666666,191.29166666666666,1.6433333333333333,0.7433333333333333
2020-08-26,99.23083333333334,0.0,106.91666666666667,0.8119999999999999,24.379166666666666,213.33333333333334,1.3758333333333335,0.70125
2020-08-27,99.24666666666667,0.0,86.29166666666667,0.7854583333333333,24.96666666666667,237.45833333333334,2.075833333333333,0.99375
2020-08-28,99.16333333333334,0.0,106.33333333333333,0.7809166666666667,25.4375,237.125,2.4058333333333333,1.1583333333333334
2020-08-29,99.09958333333333,0.0,100.08333333333333,0.7913333333333333,25.27916666666667,237.375,2.2079166666666667,1.0304166666666668
2020-08-30,99.13625,0.0,95.25,0.8068749999999999,24.954166666666666,249.375,1.6754166666666668,0.8241666666666667
2020-08-31,99.17791666666666,0.29254166666666664,105.95833333333333,0.8347083333333334,24.8875,245.27777777777777,1.7955555555555556,0.9461111111111111
2020-09-01,99.09291666666667,0.0,93.29166666666667,0.8355416666666667,24.670833333333334,238.08333333333334,2.4758333333333336,1.2725
2020-09-02,98.99083333333334,0.0,138.58333333333334,0.8053333333333333,25.441666666666666,238.54166666666666,2.160833333333333,1.0370833333333334
2020-09-03,99.13041666666668,0.0,150.20833333333334,0.7836666666666666,26.241666666666664,226.95833333333334,2.4675,1.1645833333333333
2020-09-04,99.31833333333333,0.0,123.95833333333333,0.7994166666666667,25.72083333333333,251.75,2.1820833333333334,1.1245833333333335
2020-09-05,99.18041666666666,0.02408333333333333,92.08333333333333,0.83875,24.483333333333334,241.41666666666666,2.095,1.0241666666666667
2020-09-06,99.01958333333333,0.0,127.58333333333333,0.8319166666666667,25.166666666666668,242.04166666666666,1.7562499999999999,0.9025
2020-09-07,98.97375,0.0,138.375,0.8058333333333333,25.6375,234.08333333333334,1.6691666666666667,0.8337500000000001
2020-09-08,99.01041666666667,0.0,129.5,0.8009166666666667,25.766666666666666,247.91666666666666,1.5875000000000001,0.8283333333333333
2020-09-09,99.11916666666667,0.20033333333333334,86.45833333333333,0.8684583333333333,23.866666666666664,235.72727272727272,1.9800000000000002,1.0645454545454545
2020-09-10,99.15791666666667,0.0,140.54166666666666,0.8470416666666667,25.020833333333332,227.92307692307693,1.9915384615384615,0.9876923076923076
2020-09-11,99.04083333333334,0.0,101.33333333333333,0.8157083333333333,25.6875,248.25,1.9799999999999998,0.9395833333333333
2020-09-12,99.12833333333333,0.048916666666666664,123.0,0.8285,25.150000000000002,250.1578947368421,2.3899999999999997,1.1910526315789474
2020-09-13,99.19041666666668,0.013458333333333334,166.875,0.8270416666666667,24.620833333333334,213.58333333333334,1.9908333333333335,1.0608333333333333
2020-09-14,99.25791666666667,0.022708333333333334,98.91666666666667,0.8257916666666666,25.508333333333336,245.875,1.6991666666666667,0.8783333333333333
2020-09-15,99.09416666666668,0.20554166666666665,44.541666666666664,0.8860833333333332,22.695833333333336,257.44444444444446,1.5044444444444443,0.6522222222222223
2020-09-16,98.99374999999999,0.005666666666666667,91.125,0.8618333333333333,23.46666666666667,244.11111111111111,1.9655555555555557,0.98
2020-09-17,99.12291666666665,0.036166666666666666,101.54166666666667,0.8795833333333333,24.416666666666668,252.625,1.4945833333333332,0.7295833333333334
2020-09-18,99.22833333333334,0.003541666666666667,105.75,0.8432916666666667,25.358333333333334,248.875,1.8895833333333334,1.015
2020-09-19,99.17666666666666,0.19129166666666664,146.20833333333334,0.8410416666666666,24.516666666666666,254.0,1.8563636363636364,1.0527272727272727
2020-09-20,99.20375,0.004958333333333333,129.83333333333334,0.843875,24.120833333333334,170.33333333333334,2.2291666666666665,1.0033333333333334
2020-09-21,99.16958333333334,0.0,145.54166666666666,0.8051666666666667,26.03333333333333,253.04166666666666,2.072083333333333,0.96875
2020-09-22,99.17833333333334,0.026958333333333334,104.5,0.8504583333333334,24.5625,240.70833333333334,1.8654166666666665,0.89875
2020-09-23,99.23583333333333,0.0085,123.75,0.8370000000000001,25.895833333333332,243.29166666666666,1.7183333333333335,0.8345833333333333
2020-09-24,99.26583333333333,0.027666666666666662,87.79166666666667,0.8569583333333334,23.77916666666667,267.29411764705884,1.3794117647058823,0.6770588235294117
2020-09-25,99.23833333333333,0.0,117.66666666666667,0.8387916666666667,25.075,251.83333333333334,1.5329166666666667,0.7775
2020-09-26,99.10333333333334,0.07375,76.54166666666667,0.8702083333333334,23.266666666666666,250.3,1.6575,0.8029999999999999
2020-09-27,99.01125,0.0,115.45833333333333,0.8455416666666666,24.3625,248.54166666666666,1.2870833333333334,0.7033333333333333
2020-09-28,99.06708333333334,0.0014166666666666668,178.70833333333334,0.8242083333333333,25.879166666666666,238.04545454545453,2.2836363636363637,1.0077272727272728
2020-09-29,99.1275,0.0,94.375,0.8695416666666667,24.224999999999998,229.69230769230768,1.2346153846153847,0.6615384615384615
2020-09-30,99.08749999999999,0.018416666666666668,62.708333333333336,0.8809583333333334,24.2375,251.57142857142858,1.917142857142857,0.9264285714285715
2020-10-01,99.00166666666667,0.0,132.66666666666666,0.8392916666666667,25.59166666666667,216.21428571428572,2.2357142857142858,1.0607142857142857
2020-10-02,98.99000000000001,0.3195,144.16666666666666,0.8314347826086957,25.566666666666666,263.5,1.6585,0.8335000000000001
2020-10-03,99.02,0.0,149.91666666666666,0.8608750000000001,25.0625,192.5,1.7033333333333334,0.8283333333333333
2020-10-04,99.10625,0.013458333333333334,132.08333333333334,0.8363333333333333,26.05,266.2083333333333,1.4425,0.7758333333333334
2020-10-05,99.16291666666666,0.0,132.29166666666666,0.8413333333333334,26.008333333333336,281.8333333333333,1.3483333333333334,0.71875
2020-10-06,99.13583333333332,0.06454166666666666,163.66666666666666,0.8354583333333333,25.645833333333332,261.76190476190476,2.2,1.0699999999999998
2020-10-07,99.1425,0.02125,109.16666666666667,0.850375,23.854166666666668,171.72727272727272,1.4645454545454546,0.6554545454545454
2020-10-08,99.13125000000001,0.007083333333333334,152.79166666666666,0.8330416666666668,25.65833333333333,225.0,1.4379166666666665,0.7566666666666667
2020-10-09,99.16166666666668,0.049624999999999996,117.375,0.851375,24.454166666666666,228.79166666666666,1.34375,0.66125
2020-10-10,99.20666666666666,0.0021249999999999997,122.16666666666667,0.8635833333333333,24.7375,219.79166666666666,1.0804166666666666,0.5516666666666666
2020-10-11,99.18958333333335,0.0021249999999999997,152.875,0.8485416666666667,25.587500000000002,152.70833333333334,1.2354166666666666,0.7795833333333334
2020-10-12,99.09875,0.017708333333333333,172.79166666666666,0.84625,25.208333333333332,276.5263157894737,2.2115789473684213,1.073157894736842
2020-10-13,99.10083333333334,0.007791666666666666,176.54166666666666,0.8349166666666666,25.020833333333332,237.27272727272728,2.7927272727272725,1.2327272727272727
2020-10-14,99.17083333333333,0.0007083333333333334,96.33333333333333,0.8727083333333333,23.958333333333332,226.75,1.2,0.5308333333333334
2020-10-15,99.16250000000001,0.0,146.08333333333334,0.8183750000000001,26.666666666666668,265.25,1.4437499999999999,0.6895833333333333
2020-10-16,99.08791666666667,0.007791666666666666,132.16666666666666,0.8254583333333333,26.245833333333334,261.75,1.5816666666666668,0.8333333333333334
2020-10-17,99.05333333333334,0.0,91.20833333333333,0.8395833333333335,25.829166666666666,255.70833333333334,0.98,0.4970833333333333
2020-10-18,98.98791666666666,0.0,117.91666666666667,0.8364583333333333,25.895833333333332,281.1666666666667,0.9045833333333334,0.4604166666666667
2020-10-19,99.06666666666666,0.12179166666666667,155.875,0.835125,25.129166666666666,210.65,1.259,0.63
2020-10-20,99.06166666666667,0.004958333333333334,136.08333333333334,0.8406666666666666,25.22083333333333,213.91666666666666,1.28125,0.7008333333333333
2020-10-21,99.08791666666667,0.004958333333333333,140.375,0.8422083333333333,25.125,179.20833333333334,1.4404166666666667,0.7683333333333334
2020-10-22,99.07249999999999,0.0,162.41666666666666,0.8287916666666666,26.054166666666664,230.95833333333334,1.2929166666666667,0.7025
2020-10-23,99.10958333333333,0.0,137.75,0.82375,26.34583333333333,239.04166666666666,1.4295833333333334,0.7316666666666666
2020-10-24,99.03250000000001,0.0,129.16666666666666,0.8213333333333334,26.204166666666666,250.45833333333334,1.3683333333333334,0.7116666666666666
2020-10-25,98.96833333333332,0.24787499999999998,125.125,0.84875,25.90416666666667,256.27777777777777,1.5322222222222222,0.8305555555555555
2020-10-26,98.91583333333334,0.0014166666666666668,149.125,0.8545416666666666,25.8,240.25,1.81375,1.035
2020-10-27,98.88583333333334,0.0007083333333333334,151.875,0.8186666666666667,26.933333333333334,221.46666666666667,1.458,0.7579999999999999
2020-10-28,98.93416666666667,0.0,160.16666666666666,0.7961666666666667,27.370833333333334,235.91666666666666,1.3074999999999999,0.6820833333333334
2020-10-29,99.00041666666665,0.0028333333333333335,185.04166666666666,0.7975,27.337500000000002,210.91304347826087,1.4017391304347826,0.6939130434782609
2020-10-30,98.995,0.11133333333333334,183.66666666666666,0.8384583333333334,26.129166666666666,271.3333333333333,2.2411111111111115,1.2022222222222223
2020-10-31,98.97874999999999,0.0,164.08333333333334,0.8279583333333335,26.808333333333334,249.33333333333334,1.4458333333333335,0.77
2020-11-01,98.89999999999999,0.0,175.08333333333334,0.7920416666666666,27.916666666666668,255.75,1.3591666666666666,0.7233333333333333
2020-11-02,98.97291666666666,0.0,149.54166666666666,0.8069166666666666,27.445833333333336,246.33333333333334,1.0991666666666666,0.545
2020-11-03,99.00416666666666,0.0,184.20833333333334,0.7811666666666667,27.3,240.875,0.9895833333333334,0.5641666666666667
2020-11-04,99.02416666666666,0.0,127.5,0.8032083333333334,26.883333333333336,260.0833333333333,1.2258333333333333,0.6341666666666667
2020-11-05,99.00125000000001,0.0,161.0,0.8013750000000001,26.770833333333332,245.625,1.01875,0.5458333333333333
2020-11-06,99.03791666666666,0.0,185.625,0.7799583333333334,28.0625,262.0,1.49,0.7754166666666666
2020-11-07,99.13208333333334,0.0,172.08333333333334,0.771,28.233333333333334,243.75,1.4858333333333331,0.6745833333333334
2020-11-08,99.19916666666667,0.0,184.125,0.7601249999999999,27.754166666666666,248.08333333333334,1.1575,0.6020833333333333
2020-11-09,99.18166666666667,0.0,150.75,0.7822083333333333,27.3125,233.0,1.3266666666666667,0.6925
2020-11-10,99.09249999999999,0.0,142.41666666666666,0.7855416666666667,27.599999999999998,232.08333333333334,1.315,0.645
2020-11-11,99.0225,0.0007083333333333334,87.33333333333333,0.79675,26.520833333333332,234.04166666666666,1.0508333333333333,0.5616666666666666
2020-11-12,98.99208333333333,0.0,191.0,0.7331666666666666,26.754166666666666,230.125,1.0808333333333333,0.5383333333333333
2020-11-13,99.01666666666667,0.0,192.75,0.7001666666666666,26.154166666666665,142.58333333333334,1.03375,0.50875
2020-11-14,99.02333333333333,0.0007083333333333334,165.66666666666666,0.7602083333333334,26.849999999999998,183.33333333333334,0.9820833333333333,0.4875
2020-11-15,98.94333333333333,0.0,180.70833333333334,0.7712083333333334,27.77916666666667,203.29166666666666,1.3029166666666667,0.6479166666666667
2020-11-16,98.95083333333334,0.0007083333333333334,181.16666666666666,0.7634166666666666,27.570833333333336,190.83333333333334,1.0279166666666668,0.5170833333333333
2020-11-17,98.90125,0.0,149.08333333333334,0.7645,27.8,246.41666666666666,0.8475,0.45125
2020-11-18,98.89458333333333,0.0,166.54166666666666,0.7357916666666666,27.02916666666667,178.70833333333334,0.9254166666666667,0.49125
2020-11-19,98.89333333333333,0.0,152.75,0.7055416666666666,26.108333333333334,143.83333333333334,1.0704166666666668,0.4595833333333333
2020-11-20,98.86,0.0,175.91666666666666,0.7352500000000001,25.6375,162.95833333333334,0.8716666666666666,0.43333333333333335
2020-11-21,98.88916666666667,0.0,177.20833333333334,0.7292083333333333,26.912499999999998,194.79166666666666,0.9658333333333333,0.46374999999999994
2020-11-22,98.97500000000001,0.0,167.54166666666666,0.750625,26.416666666666668,238.125,1.07875,0.5716666666666667
2020-11-23,99.04791666666667,0.0007083333333333334,159.0,0.741625,28.275000000000002,257.625,1.3787500000000001,0.6695833333333333
2020-11-24,99.04541666666667,0.0,160.125,0.7388333333333333,28.683333333333334,264.2916666666667,1.1624999999999999,0.625
2020-11-25,98.92458333333333,0.0,155.54166666666666,0.7380833333333333,28.53333333333333,281.5,1.1608333333333334,0.58875
2020-11-26,98.895,0.0,148.625,0.7587083333333333,28.354166666666668,261.0416666666667,1.2025,0.65625
2020-11-27,98.94625,0.0,141.33333333333334,0.761375,28.233333333333334,252.33333333333334,1.3608333333333336,0.6654166666666667
2020-11-28,99.01958333333333,0.0,147.875,0.7519583333333334,28.329166666666666,263.4166666666667,1.24,0.6341666666666667
2020-11-29,98.99125,0.0007083333333333334,117.45833333333333,0.7629166666666666,27.6875,288.0,1.0620833333333333,0.5720833333333334
2020-11-30,99.00833333333333,0.0007083333333333334,164.375,0.72625,27.920833333333334,271.0,1.0891666666666666,0.6270833333333333
2020-12-01,98.97958333333334,0.0,129.25,0.7419583333333333,28.495833333333334,254.75,1.0545833333333332,0.5625
2020-12-02,98.99458333333332,0.0,178.79166666666666,0.7282083333333333,28.583333333333332,277.4166666666667,1.3949999999999998,0.7083333333333334
2020-12-03,99.04083333333334,0.0,165.45833333333334,0.7332083333333334,28.645833333333332,282.0,1.4470833333333333,0.81625
2020-12-04,99.11208333333333,0.0,164.29166666666666,0.7215416666666666,28.958333333333332,260.7916666666667,1.3233333333333335,0.6937500000000001
2020-12-05,99.05624999999999,0.0,142.04166666666666,0.7369583333333334,28.516666666666666,276.9166666666667,1.1616666666666666,0.6683333333333333
2020-12-06,99.01958333333333,0.009916666666666666,121.70833333333333,0.7687916666666667,27.84583333333333,275.7083333333333,1.06625,0.6254166666666666
2020-12-07,99.10333333333334,0.009208333333333334,173.04166666666666,0.7889166666666667,27.183333333333334,260.5,1.5171428571428571,0.8385714285714286
2020-12-08,99.1025,0.0,154.375,0.8029166666666666,26.412499999999998,278.8421052631579,1.166842105263158,0.6978947368421052
2020-12-09,99.03791666666666,0.0007083333333333334,162.45833333333334,0.79725,27.295833333333334,254.35714285714286,1.5107692307692309,1.725
2020-12-10,99.05333333333334,0.0,137.75,0.7747916666666667,28.09583333333333,247.79166666666666,3.8182608695652176,1.3030434782608695
2020-12-11,99.06708333333334,0.0,182.125,0.7619166666666667,28.40833333333333,239.45833333333334,8.90375,2.2156521739130435
2020-12-12,99.00999999999999,0.0,155.83333333333334,0.7632083333333334,28.40416666666667,250.54166666666666,1.4052380952380952,1.4916666666666665
2020-12-13,98.91791666666667,0.0,132.75,0.7585000000000001,28.03333333333333,198.20833333333334,24.08277777777778,5.25764705882353
2020-12-14,98.90833333333335,0.0021249999999999997,122.95833333333333,0.7799583333333334,26.587500000000002,235.70833333333334,8.876521739130435,2.123181818181818
2020-12-15,98.87291666666665,0.035458333333333335,170.33333333333334,0.7889166666666667,27.575,244.41666666666666,14.585,2.5395
2020-12-16,98.92166666666667,0.0014166666666666668,133.91666666666666,0.7849166666666667,27.099999999999998,244.54166666666666,8.920434782608694,0.9752380952380952
2020-12-17,98.94583333333333,0.0,161.875,0.7465,27.616666666666664,263.9166666666667,4.012083333333334,0.9756521739130435
2020-12-18,98.95458333333333,0.0,164.375,0.7355416666666666,27.90416666666667,256.25,1.453478260869565,1.8025
2020-12-19,98.92125,0.0,148.16666666666666,0.7428750000000001,28.004166666666666,266.125,1.5529166666666667,0.9620833333333333
2020-12-20,98.94749999999999,0.0,147.125,0.7495416666666667,27.962500000000002,252.83333333333334,3.9761904761904763,1.8508333333333333
2020-12-21,98.95916666666666,0.0,132.625,0.7579166666666667,27.945833333333336,257.9583333333333,8.554761904761905,1.9745454545454544
2020-12-22,98.9375,0.0,139.79166666666666,0.7524583333333333,27.770833333333332,261.1666666666667,1.3372727272727274,1.3083333333333333
2020-12-23,98.92083333333333,0.0,160.04166666666666,0.7135416666666666,28.795833333333334,272.5,4.074545454545454,1.5139130434782608
2020-12-24,98.875,0.0,110.66666666666667,0.7686666666666667,28.329166666666666,240.79166666666666,8.659565217391306,2.7279166666666668
2020-12-25,98.8,0.0,161.625,0.7022916666666666,28.162499999999998,280.2083333333333,2.7016666666666667,0.9883333333333333
2020-12-26,98.81333333333333,0.0,171.79166666666666,0.6175,25.816666666666666,273.1666666666667,3.9179166666666667,1.09
2020-12-27,98.82666666666667,0.0,165.16666666666666,0.6045416666666666,25.054166666666664,285.2083333333333,1.1195833333333332,0.8720833333333333
2020-12-28,98.86291666666666,0.0,142.33333333333334,0.6025833333333334,25.1875,289.6666666666667,1.08125,0.8258333333333333
2020-12-29,98.82541666666667,0.0,147.625,0.5816666666666667,25.979166666666668,295.0,1.0566666666666666,0.7820833333333334
2020-12-30,98.89625000000001,0.0,139.95833333333334,0.6531666666666667,26.02916666666667,298.75,1.1566666666666665,0.8741666666666666
2020-12-31,98.9425,0.0007083333333333334,148.875,0.6956666666666668,26.920833333333334,281.0416666666667,1.21,1.6717391304347824
2021-01-01,99.03,0.0,0.0,0.792,24.8,277.0,0.76,0.64
