,Date,Peak Generation (MW),Lowest Generation (MW),Energy Recorded(Mwh),Generation at 6:00hrs (MW),Highest System Frequency (Hz),Lowest System Frequency (Hz),Highest Voltage Recorded (kV),Lowest Voltage Recorded (kV)
0,2020-01-01,4676.8,3399.3,94460.2,3617.5,50.66,49.75,350.0,300.0
1,2020-01-02,4549.0,2828.7,85272.73,3056.6,50.766,49.928,356.0,300.0
2,2020-01-03,4406.8,2461.1,81366.23,2942.9,50.959,49.903,357.0,300.0
3,2020-01-04,4396.5,2679.1,81999.2,3026.7,50.82,49.81,355.0,300.0
4,2020-01-05,4697.7,2591.6,83782.87,3064.3,50.91,49.87,355.0,300.0
5,2020-01-06,4602.8,2782.5,89901.24,3515.8,50.8,49.67,355.0,300.0
6,2020-01-07,4590.4,3106.9,92144.23,3623.8,50.94,49.79,369.0,300.0
7,2020-01-08,4898.2,3345.8,94309.37,3838.0,50.78,49.61,353.0,300.0
8,2020-01-09,4709.7,3348.2,95149.94,3733.0,50.84,49.32,352.0,300.0
9,2020-01-10,4667.3,3305.1,94423.59,3541.0,50.96,49.66,381.0,300.0
10,2020-01-11,4531.4,3186.1,91299.49,3455.5,50.94,49.43,356.0,300.0
11,2020-01-12,4302.4,3086.1,88257.48,3556.9,50.81,49.45,357.0,300.0
12,2020-01-13,4657.9,3065.9,92437.1,3648.1,50.75,49.31,356.0,300.0
13,2020-01-14,4931.3,3354.7,98553.85,4000.2,50.67,49.66,353.0,300.0
14,2020-01-17,4345.6,2278.7,84021.44,2931.0,50.95,49.78,350.0,300.0
15,2020-01-18,4543.7,3286.1,91694.52,3744.6,50.95,49.98,354.0,300.0
16,2020-01-19,4444.1,3131.5,88314.72,3531.0,50.96,49.67,360.0,300.0
17,2020-01-20,4334.5,3147.9,90357.07,3654.1,50.97,49.74,357.0,300.0
18,2020-01-21,4477.4,3242.3,92871.43,4011.2,50.79,49.75,353.0,300.0
19,2020-01-22,4429.2,3557.0,93998.15,4075.9,50.96,49.7,355.0,300.0
20,2020-01-23,4655.6,3574.4,97432.43,4236.3,50.74,49.02,349.0,295.0
21,2020-01-27,4334.4,3274.0,93297.22,4028.5,50.69,49.57,352.0,290.0
22,2020-01-28,4476.8,3485.0,93708.86,4062.4,50.56,49.75,352.0,300.0
23,2020-01-29,4502.5,3462.3,96857.73,4222.8,50.61,49.89,352.0,380.0
24,2020-01-30,4412.2,2763.7,93767.4,3908.4,50.92,49.79,353.0,300.0
25,2020-01-31,4712.0,3400.9,97118.44,3939.8,50.64,49.75,355.0,299.0
26,2020-02-01,4643.8,3444.7,95199.75,3803.7,50.59,49.94,350.0,300.0
27,2020-02-02,4362.7,3297.2,92935.28,3745.9,50.83,49.93,350.0,300.0
28,2020-02-03,4616.4,3240.9,97012.98,4014.0,50.76,49.84,354.0,300.0
29,2020-02-04,4811.4,3601.0,99099.8,4204.1,50.79,49.77,351.0,300.0
30,2020-02-05,4643.7,3502.4,97734.35,4519.4,50.69,49.65,354.7,300.0
31,2020-02-08,4545.5,3340.5,91448.55,3649.7,50.58,49.85,351.0,300.0
32,2020-02-11,4817.2,3336.7,94272.79,3912.6,50.81,49.67,355.0,300.0
33,2020-02-12,4825.8,3302.4,95249.95,3891.1,50.7,49.96,350.0,300.0
34,2020-02-13,4830.3,3188.4,94389.77,3760.3,50.77,49.84,351.0,300.0
35,2020-02-14,4618.0,3221.4,97105.86,3999.7,50.67,49.71,352.0,300.0
36,2020-02-15,4762.8,3737.4,99377.13,4066.2,50.64,49.79,349.0,300.0
37,2020-02-16,4718.4,3302.7,96140.84,4021.6,50.67,49.64,353.0,300.0
38,2020-02-17,4728.6,3665.8,99186.9,4172.9,50.58,49.64,352.0,280.0
39,2020-02-18,4622.9,3736.0,100026.9,4455.5,50.55,49.62,347.0,300.0
40,2020-02-19,4502.5,3520.5,97661.72,4194.0,50.73,49.73,348.0,300.0
41,2020-02-20,4131.4,3281.2,91683.04,4131.4,50.68,49.67,350.0,299.0
42,2020-02-21,4293.8,3524.0,97679.22,3866.4,50.69,49.72,348.0,300.0
43,2020-02-22,4379.8,3705.3,96374.9,3924.5,50.81,49.55,361.0,300.0
44,2020-02-23,4589.8,3432.1,96455.09,3743.69,50.78,49.65,356.0,300.0
45,2020-02-24,4884.8,3335.8,96264.64,3930.3,51.02,49.79,354.0,297.0
46,2020-02-25,4964.5,3824.5,105040.93,4399.9,50.62,49.79,349.0,300.0
47,2020-02-26,5268.2,3999.9,108480.13,4553.4,50.62,49.91,345.0,300.0
48,2020-02-27,5079.2,4146.0,109436.48,4678.3,50.6,49.99,352.0,300.0
49,2020-02-28,5045.5,3171.1,94685.69,3291.8,50.95,49.54,359.0,295.0
50,2020-02-29,4994.5,3770.3,100969.22,3837.4,50.49,49.49,352.0,300.0
51,2020-03-01,4432.0,3670.7,94600.05,4114.1,50.52,49.37,354.0,300.0
52,2020-03-02,3995.3,3377.6,87384.93,3526.1,50.65,49.12,359.0,290.0
53,2020-03-03,4180.7,3009.0,83749.23,3391.9,50.56,49.69,356.0,300.0
54,2020-03-04,3942.0,3529.4,86667.27,3775.4,50.63,49.65,353.0,300.0
55,2020-03-05,4129.7,3668.7,92921.54,3938.1,50.49,49.62,352.0,300.0
56,2020-03-06,4055.6,3236.5,91678.58,3872.9,50.6,49.59,348.0,300.0
57,2020-03-07,3922.6,3410.0,87085.1,3675.1,50.54,49.56,347.0,300.0
58,2020-03-08,3790.8,3384.7,85739.53,3660.7,50.64,49.43,353.0,300.0
59,2020-03-09,4029.8,3484.8,90072.88,3611.0,50.6,49.58,354.0,300.0
60,2020-03-10,3915.1,3639.3,89697.98,3832.9,50.63,49.05,355.0,300.0
61,2020-03-11,3989.1,3325.3,88030.07,3837.2,50.63,49.34,356.0,300.0
62,2020-03-12,4023.1,3113.6,83706.23,3584.8,50.56,49.37,357.0,300.0
63,2020-03-13,3916.3,3466.6,87960.08,3770.0,50.53,49.19,357.0,300.0
64,2020-03-14,4093.5,3389.2,88935.54,3606.0,50.89,49.44,354.0,300.0
65,2020-03-15,4661.3,3834.0,98743.1,4188.6,50.61,49.4,352.0,300.0
66,2020-03-16,4803.8,3809.8,102950.45,4380.1,50.59,49.55,352.0,300.0
67,2020-03-17,4636.9,3564.2,103274.4,4457.2,50.93,49.52,351.0,300.0
68,2020-03-18,4640.5,3634.7,97968.28,3992.1,50.68,49.55,346.0,300.0
69,2020-03-19,4359.5,3456.7,94374.48,3880.6,50.62,49.43,352.0,300.0
70,2020-03-20,4350.8,3622.6,97483.74,4073.7,50.56,49.63,354.0,300.0
71,2020-03-21,4474.4,3777.1,96062.03,3942.4,50.83,49.69,351.0,300.0
72,2020-03-22,4421.6,3731.1,97457.44,4073.7,50.57,49.51,353.0,300.0
73,2020-03-23,4265.3,3506.5,94164.08,3984.3,50.59,49.65,359.0,300.0
74,2020-03-24,4542.4,2323.8,78875.69,2407.1,50.36,49.45,361.0,300.0
75,2020-03-25,4564.5,3035.7,91777.63,3340.5,50.58,49.15,356.0,300.0
76,2020-03-26,4379.1,3502.4,93968.26,3657.6,50.45,49.43,351.0,300.0
77,2020-03-27,4059.5,3632.1,92237.11,3846.6,50.52,49.55,346.0,280.0
78,2020-03-30,4645.1,3830.0,100610.24,3976.9,50.7,49.61,349.0,300.0
79,2020-03-31,4431.9,3702.0,97980.93,3727.5,50.62,49.92,350.0,300.0
80,2020-04-01,4295.7,2795.4,83684.49,3049.2,50.96,50.01,358.0,258.0
81,2020-04-02,4807.8,3391.3,97988.78,3490.6,50.74,49.64,352.0,280.0
82,2020-04-03,4370.4,3391.7,97728.94,3810.4,50.65,49.82,355.0,300.0
83,2020-04-06,4706.6,2897.8,90573.22,3435.8,51.28,49.65,358.0,290.0
84,2020-04-07,4449.7,3316.7,92358.63,3481.6,50.61,49.57,349.0,300.0
85,2020-04-08,5048.2,3154.9,94602.67,3322.1,50.76,49.58,357.0,300.0
86,2020-04-09,4850.4,3822.3,102842.04,3982.0,50.61,49.71,352.0,300.0
87,2020-04-10,4867.5,3358.9,95443.8,3541.1,50.67,49.54,350.0,280.0
88,2020-04-11,4703.5,3615.0,99476.58,3675.2,50.53,49.63,350.0,280.0
89,2020-04-12,4691.7,3938.8,103159.5,4203.2,50.62,49.73,351.0,295.0
90,2020-04-13,4972.5,4052.5,106634.04,4099.7,50.53,49.69,350.0,300.0
91,2020-04-14,4979.7,4096.5,107963.46,4284.3,50.54,49.69,349.0,290.0
92,2020-04-15,5112.0,4148.2,109822.07,4148.2,50.55,49.7,350.0,300.0
93,2020-04-16,5146.5,4215.6,109251.82,4287.7,50.6,49.76,349.0,300.0
94,2020-04-17,5210.5,4101.7,110660.4,4115.0,50.58,49.66,350.0,300.0
95,2020-04-18,5134.3,3918.1,106220.72,4227.8,50.58,49.98,350.0,300.0
96,2020-04-19,5012.3,3650.0,101433.79,3866.7,50.57,49.88,353.0,300.0
97,2020-04-20,5316.4,3710.1,107107.16,3757.9,50.6,49.73,352.0,300.0
98,2020-04-21,5264.4,3987.8,106714.82,4004.3,50.6,49.98,350.0,300.0
99,2020-04-22,4917.4,3056.4,92037.51,3134.5,51.02,49.39,366.0,300.0
100,2020-04-23,4968.1,3393.4,96117.89,3527.5,51.02,50.04,373.0,220.0
101,2020-04-24,5313.9,3709.0,105661.21,4038.1,50.51,49.42,352.0,280.0
102,2020-04-25,4796.1,3248.5,99852.85,4191.8,50.88,49.9,351.0,300.0
103,2020-04-26,4520.7,1843.3,73763.24,1843.3,51.25,49.62,387.0,300.0
104,2020-04-27,4641.3,3120.5,92436.81,3336.5,50.95,49.72,362.0,300.0
105,2020-04-28,5188.1,2883.7,90849.82,2983.0,50.78,49.35,359.0,300.0
106,2020-04-29,4553.6,11.5,65704.91,1601.2,51.26,47.6,355.0,291.0
107,2020-04-30,4845.0,3145.5,92333.4,3364.4,50.94,49.72,381.0,300.0
108,2020-05-01,5222.3,3536.5,99855.56,3709.4,50.67,49.62,357.0,300.0
109,2020-05-02,4765.4,4004.6,103239.48,4125.7,50.56,50.09,358.0,300.0
110,2020-05-03,4991.0,2355.7,88042.01,3285.2,51.07,50.06,374.0,300.0
111,2020-05-04,5055.3,2923.1,94459.46,3443.6,50.85,50.02,364.0,280.0
112,2020-05-05,4968.3,3803.5,99981.62,3285.2,50.57,49.71,354.0,300.0
113,2020-05-06,5159.3,4044.2,106326.97,4077.3,50.51,49.76,351.0,275.0
114,2020-05-07,5187.0,3875.3,106574.68,4008.8,50.53,49.61,352.0,300.0
115,2020-05-08,5084.9,4070.8,107499.04,4138.4,50.55,49.36,350.0,300.0
116,2020-05-09,4592.7,3751.9,100726.5,4016.6,50.65,49.85,350.0,300.0
117,2020-05-10,5015.6,2662.5,93886.5,3391.4,50.95,49.91,358.0,280.0
118,2020-05-11,5267.6,3471.6,100737.62,3471.6,50.44,49.32,351.0,280.0
119,2020-05-12,4921.2,3855.6,104538.13,4085.9,50.55,49.49,349.0,280.0
120,2020-05-13,5094.6,3444.8,101891.83,3645.6,50.97,49.9,353.0,280.0
121,2020-05-14,4794.7,3809.7,103818.1,3930.1,50.53,49.73,349.0,290.0
122,2020-05-15,4997.6,3270.2,97780.39,3270.2,50.55,49.18,358.0,290.0
123,2020-05-16,4886.8,3473.6,102149.67,4071.5,50.46,49.69,349.0,280.0
124,2020-05-19,5097.4,3382.8,101131.16,3699.1,50.7,49.45,352.0,280.0
125,2020-05-20,4414.9,2251.3,85258.79,3794.4,51.12,49.96,359.0,290.0
126,2020-05-21,4772.0,3665.1,100891.31,3670.8,50.78,49.66,359.0,290.0
127,2020-05-22,4980.5,3490.8,102401.74,3490.8,50.49,49.73,351.0,292.0
128,2020-05-23,4889.2,3703.7,101742.21,3862.8,50.56,49.41,350.0,300.0
129,2020-05-24,4835.5,3493.3,97051.77,3738.0,50.55,50.02,353.0,290.0
130,2020-05-25,4409.6,2403.4,81492.44,2626.9,51.37,49.47,368.0,300.0
131,2020-05-26,4950.8,3185.2,96745.81,3405.6,50.64,49.94,354.0,285.0
132,2020-05-27,4867.3,2960.0,96711.56,3332.8,51.08,49.75,386.0,285.0
133,2020-05-28,5114.2,3266.3,94565.93,3470.9,50.65,49.74,352.0,300.0
134,2020-05-29,5295.7,3443.5,101459.46,3507.7,50.44,49.24,353.0,290.0
135,2020-05-30,4827.7,3625.2,99850.19,3699.7,50.55,49.88,351.0,300.0
136,2020-05-31,4860.6,3223.1,94788.72,3338.6,50.53,49.6,351.0,300.0
137,2020-06-01,4785.4,3016.4,93843.75,3740.5,51.17,49.6,351.0,300.0
138,2020-06-02,4326.5,140.0,66401.03,2774.9,51.05,48.7,403.0,300.0
139,2020-06-03,5075.2,3522.5,101301.02,3652.4,50.49,49.73,348.0,285.0
140,2020-06-04,5173.4,3370.3,99628.03,3544.3,50.55,49.86,350.0,290.0
141,2020-06-05,4990.4,3404.1,100426.25,3467.0,50.53,49.13,358.0,280.0
142,2020-06-06,4303.5,3144.7,92474.92,3826.1,50.59,49.97,351.0,300.0
143,2020-06-07,4463.5,2595.9,85968.49,2838.2,50.98,49.64,357.0,300.0
144,2020-06-08,4425.5,3387.7,98637.31,3579.3,50.53,49.54,350.0,300.0
145,2020-06-09,4500.1,2300.5,83497.81,2486.7,51.3,49.33,358.0,300.0
146,2020-06-10,4727.0,3508.1,98576.26,3666.0,50.44,49.66,352.0,300.0
147,2020-06-11,4700.2,3067.9,92915.86,3157.7,50.98,49.91,354.0,300.0
148,2020-06-12,4903.1,3034.9,91900.77,3175.8,50.66,49.66,354.0,300.0
149,2020-06-13,4416.0,3381.2,94629.04,3585.6,50.68,50.04,354.0,305.0
150,2020-06-14,4667.0,2780.7,84302.05,2943.4,50.98,49.79,355.0,300.0
151,2020-06-15,4750.2,2792.8,91834.14,2792.8,50.95,49.9,355.0,295.0
152,2020-06-16,5087.0,3241.1,97189.58,3325.6,50.61,49.61,353.0,290.0
153,2020-06-17,4817.4,3372.5,95565.49,3718.3,50.65,49.87,352.0,300.0
154,2020-06-18,4654.9,2835.1,83099.75,2931.1,51.12,50.05,355.0,300.0
155,2020-06-19,4656.2,2858.7,87068.57,3016.7,51.22,50.1,354.0,300.0
156,2020-06-20,3757.2,2260.7,77609.94,2983.8,51.33,49.03,360.0,290.0
157,2020-06-21,4479.0,2603.2,82285.58,2821.7,51.24,50.07,358.0,300.0
158,2020-06-22,4371.2,2628.1,82096.4,2985.9,51.26,50.02,355.0,300.0
159,2020-06-23,4693.6,2642.8,88042.19,3050.7,51.66,49.7,354.0,300.0
160,2020-06-24,4527.3,2910.6,90837.26,3133.8,50.67,49.78,352.0,300.0
161,2020-06-25,4918.6,2777.3,92221.35,3291.0,50.86,49.7,354.0,300.0
162,2020-06-26,4042.7,3239.4,89262.17,3515.2,50.54,49.89,353.0,300.0
163,2020-06-27,4838.0,2843.4,87835.84,2956.0,50.89,49.74,358.0,290.0
164,2020-06-28,4425.1,2478.7,80272.88,2611.3,51.37,50.0,363.0,300.0
165,2020-06-29,4268.0,2941.6,86030.45,3195.3,50.54,49.74,355.0,300.0
166,2020-06-30,4319.7,2587.9,85132.29,2902.2,50.86,50.02,355.0,300.0
167,2020-07-01,4502.9,2911.7,88730.07,3055.4,50.6,49.63,352.0,300.0
168,2020-07-02,4567.9,3106.0,92622.27,3372.3,50.47,49.68,351.0,300.0
169,2020-07-03,4544.0,3342.6,92981.81,3600.1,50.58,49.87,353.0,300.0
170,2020-07-04,4186.5,2133.3,75106.6,2283.8,51.33,49.81,358.0,300.0
171,2020-07-05,4457.8,2700.1,81370.93,2873.9,50.9,50.07,357.0,300.0
172,2020-07-07,4583.6,2920.6,88766.06,3109.0,50.71,49.96,353.0,300.0
173,2020-07-08,4893.7,2895.9,90202.41,3001.2,50.76,50.08,356.0,300.0
174,2020-07-09,4852.2,3133.4,95099.11,3422.6,50.85,49.7,353.0,290.0
175,2020-07-10,4752.8,2890.3,89548.99,2995.3,50.89,50.11,360.0,294.0
176,2020-07-11,4945.6,2938.5,87105.11,3193.1,51.03,49.99,354.0,285.0
177,2020-07-12,4691.5,3148.4,89292.78,3458.1,50.72,50.11,355.0,300.0
178,2020-07-13,4987.8,2886.8,95534.21,3225.9,50.66,50.04,356.0,300.0
179,2020-07-14,4662.0,3181.8,94063.8,3376.1,50.64,49.33,354.0,300.0
180,2020-07-15,4858.5,2830.0,92934.21,3074.6,50.77,50.08,354.0,285.0
181,2020-07-16,5093.9,2949.3,93926.08,3269.6,50.63,50.11,353.0,300.0
182,2020-07-17,4806.2,3032.0,93888.47,3363.9,50.68,50.11,354.0,280.0
183,2020-07-18,4936.1,3013.0,91733.5,3283.6,50.68,49.64,355.0,300.0
184,2020-07-19,4808.1,3148.1,91922.48,3511.8,50.97,50.05,355.0,300.0
185,2020-07-20,4803.2,2890.9,90800.88,3158.3,50.97,49.78,357.0,300.0
186,2020-07-21,4861.6,3163.7,95098.75,3512.2,50.84,49.94,351.0,300.0
187,2020-07-22,4982.4,3089.5,95517.82,3362.3,50.81,49.76,358.0,300.0
188,2020-07-23,5125.6,3005.3,96264.33,4565.7,50.73,49.76,358.0,300.0
189,2020-07-24,5073.7,3137.5,96326.52,3466.5,50.77,48.22,357.0,300.0
190,2020-07-25,5048.8,3056.3,92510.14,3219.0,50.64,49.64,355.0,300.0
191,2020-07-26,4852.2,3163.5,91015.91,3341.2,50.77,49.54,354.0,285.0
192,2020-07-27,5227.0,3062.9,92203.75,3068.5,50.97,49.93,354.0,300.0
193,2020-07-28,5271.7,3267.8,98852.21,3551.0,50.5,49.99,353.0,295.0
194,2020-07-29,5118.1,3289.0,99391.53,3567.0,50.61,49.96,353.0,300.0
195,2020-07-30,4427.7,3366.1,95157.83,3613.3,50.77,50.01,357.0,300.0
196,2020-07-31,4937.5,2950.6,93809.26,2995.2,50.93,49.76,356.0,280.0
197,2020-08-01,5377.8,3006.0,95179.56,3101.6,50.84,50.04,355.0,280.0
198,2020-08-02,4819.0,3382.7,95745.89,3559.4,50.75,49.92,355.0,304.0
199,2020-08-03,5048.1,3014.1,94427.81,3215.3,50.81,49.22,356.0,300.0
200,2020-08-04,5339.1,3163.1,98511.39,3542.7,50.73,49.78,354.0,300.0
201,2020-08-05,5174.2,3330.4,100043.01,3696.2,50.83,49.8,354.0,300.0
202,2020-08-06,4856.1,3228.9,94375.4,3540.1,50.82,50.1,355.0,300.0
203,2020-08-07,5257.3,2967.9,98065.37,3282.3,50.98,50.09,356.0,300.0
204,2020-08-08,5191.9,3125.8,95658.93,3473.7,50.73,50.12,354.0,300.0
205,2020-08-09,5114.7,3182.4,95828.3,3519.1,50.9,49.99,354.0,290.0
206,2020-08-10,5041.0,3000.9,96465.51,3327.6,50.9,50.12,355.0,300.0
207,2020-08-11,5238.1,3045.6,97804.2,3472.0,50.67,50.01,354.0,285.0
208,2020-08-12,5177.2,3134.4,99520.73,3442.4,50.9,49.78,355.0,280.0
209,2020-08-13,4575.3,3546.9,99655.15,3710.5,50.74,49.75,351.0,300.0
210,2020-08-14,4866.9,3209.2,95596.54,3459.2,50.69,49.3,356.0,300.0
211,2020-08-15,5026.2,3146.2,92748.27,3385.0,50.8,49.45,356.0,300.0
212,2020-08-16,4968.3,3395.2,95424.07,3869.6,50.55,49.92,355.0,290.0
213,2020-08-17,5227.5,3314.9,100748.96,3671.2,50.57,49.46,355.0,300.0
214,2020-08-18,5420.3,3390.1,102606.31,3636.9,50.52,49.96,352.0,295.0
215,2020-08-19,5265.3,3544.0,103073.41,3877.5,50.56,50.1,352.0,303.0
216,2020-08-20,5063.3,3153.0,99058.09,3356.4,50.98,50.98,356.0,303.0
217,2020-08-21,4833.0,3080.7,92204.95,3330.0,50.81,49.96,354.0,300.0
218,2020-08-22,4937.6,2991.8,92273.45,3201.0,50.86,50.18,357.0,300.0
219,2020-08-23,4962.9,3236.6,95628.33,3662.6,50.76,49.91,355.0,300.0
220,2020-08-24,5231.6,2998.3,96179.83,3282.6,50.99,50.07,353.0,300.0
221,2020-08-25,5260.3,3386.8,101429.02,3824.4,50.74,49.93,350.0,300.0
222,2020-08-26,5252.3,3426.9,100830.89,3833.0,50.83,49.95,350.0,300.0
223,2020-08-27,5307.6,3417.3,103140.99,3807.0,50.77,49.85,359.0,280.0
224,2020-08-28,4973.4,3556.0,99341.45,3764.7,50.48,49.55,359.0,300.0
225,2020-08-29,5066.9,3113.4,94115.88,3286.6,50.53,49.93,357.0,300.0
226,2020-08-30,4611.5,3000.9,90435.12,3358.3,50.55,49.66,355.0,300.0
227,2020-08-31,4609.6,3027.5,92824.67,3353.7,50.8,49.63,354.0,300.0
228,2020-09-01,4768.1,3031.1,90829.36,3253.8,50.57,49.92,354.0,300.0
229,2020-09-02,4707.6,3048.0,91778.39,3377.3,50.88,49.02,356.0,300.0
230,2020-09-03,4771.2,3305.6,99055.73,3600.1,50.66,49.76,350.0,302.0
231,2020-09-04,4827.6,3267.8,98043.31,3549.6,50.72,49.9,354.0,300.0
232,2020-09-05,4512.4,3099.1,88646.52,3296.5,50.73,50.02,354.0,302.0
233,2020-09-06,4805.4,2907.5,86786.77,3242.4,51.0,50.02,355.0,300.0
234,2020-09-07,4901.7,3133.1,97662.93,3636.7,50.82,49.78,353.0,305.0
235,2020-09-08,4339.8,3161.8,92508.04,3545.3,50.84,48.79,357.0,302.0
236,2020-09-09,4447.7,2524.7,80757.17,2812.4,50.98,49.33,356.0,300.0
237,2020-09-10,4600.6,2682.4,85932.66,3127.6,50.82,49.96,355.0,300.0
238,2020-09-11,4386.8,2910.8,87993.0,3404.2,50.72,48.71,356.0,300.0
239,2020-09-12,3973.8,2654.6,86218.8,3765.3,51.02,49.71,359.0,300.0
240,2020-09-13,4542.4,2016.3,73677.2,2419.7,51.15,49.73,362.0,280.0
241,2020-09-14,4653.8,2808.0,89426.66,3155.2,50.73,49.58,358.0,300.0
242,2020-09-15,4629.1,2790.3,85265.5,3105.7,50.99,49.71,356.0,300.0
243,2020-09-16,4768.7,2942.7,91067.56,3445.9,50.69,49.66,355.0,285.0
244,2020-09-17,5105.6,3070.8,98042.74,3495.4,50.63,49.64,355.0,300.0
245,2020-09-18,4987.6,3016.5,97854.6,3886.0,51.0,49.92,368.0,300.0
246,2020-09-19,4757.6,2715.0,85145.9,3010.6,51.01,50.07,358.0,300.0
247,2020-09-20,4903.0,2951.4,89482.65,3381.0,51.0,50.07,356.0,300.0
248,2020-09-21,5194.0,3032.7,95913.51,3371.1,50.96,50.08,354.0,300.0
249,2020-09-22,4769.4,3187.5,95385.55,3798.1,50.67,49.2,353.0,300.0
250,2020-09-23,4639.2,3337.0,94624.1,3964.9,50.56,49.72,353.0,280.0
251,2020-09-24,4883.6,2410.3,91822.32,2410.3,51.47,49.58,369.0,280.0
252,2020-09-25,4968.8,3401.4,102457.5,3706.4,50.91,49.72,351.0,303.0
253,2020-09-26,5151.4,3034.7,93977.6,3384.5,50.95,50.15,357.0,300.0
254,2020-09-27,5195.4,3237.8,96487.57,4312.1,50.91,49.33,354.0,300.0
255,2020-09-28,5160.2,3375.0,101585.07,3995.8,50.81,50.05,355.0,300.0
256,2020-09-29,5103.5,3406.3,100527.58,3749.7,50.76,50.11,351.0,300.0
257,2020-09-30,5158.0,3321.6,100563.1,3733.2,50.58,50.12,351.0,300.0
258,2020-10-03,5312.0,2971.1,92748.6,3328.7,50.98,49.78,353.0,300.0
259,2020-10-04,4869.2,3269.6,96201.91,3819.1,50.96,50.1,351.0,300.0
260,2020-10-05,5324.3,3220.6,99991.8,3860.8,50.88,49.95,355.0,280.0
261,2020-10-06,4384.0,2981.7,91256.1,4155.8,51.14,49.49,356.0,300.0
262,2020-10-07,5161.3,2322.0,86845.8,2958.7,51.48,49.33,361.0,300.0
263,2020-10-08,5055.7,3520.4,97951.88,3958.7,50.76,49.26,352.0,300.0
264,2020-10-09,5256.7,3414.4,100709.21,3881.2,50.73,49.78,356.0,300.0
265,2020-10-10,5134.8,3283.1,96607.89,3545.3,50.92,49.96,358.0,300.0
266,2020-10-11,5005.1,3314.3,98417.81,3886.4,50.86,49.73,355.0,300.0
267,2020-10-12,4791.5,3437.9,99462.65,4062.4,51.15,49.79,355.0,300.0
268,2020-10-13,4697.2,2858.2,92803.64,3552.6,51.13,49.72,354.0,300.0
269,2020-10-14,5285.1,2974.2,97141.9,3501.3,50.96,49.68,355.0,290.0
270,2020-10-15,5114.5,3613.44,104825.94,4603.31,50.73,49.72,350.0,300.0
271,2020-10-16,5001.7,3361.7,99361.9,3821.99,51.0,49.77,352.0,281.0
272,2020-10-17,5218.8,3108.9,96062.0,3367.5,51.04,49.16,354.0,300.0
273,2020-10-18,5120.9,3382.0,98012.9,3850.3,50.72,49.77,353.0,300.0
274,2020-10-19,4893.0,3483.0,100579.3,3944.5,50.68,49.68,352.0,300.0
275,2020-10-20,5055.3,3397.1,100830.35,3881.7,50.67,49.69,355.0,300.0
276,2020-10-21,5071.4,3516.9,100494.19,3758.4,50.78,49.68,356.0,280.0
277,2020-10-22,5367.0,3623.7,103427.04,3835.4,50.63,49.57,352.0,300.0
278,2020-10-23,5263.4,3699.7,104097.93,4035.1,50.59,49.69,351.0,300.0
279,2020-10-24,5090.1,3540.0,103637.28,3776.5,50.83,49.88,355.0,300.0
280,2020-10-25,4969.0,2848.8,96122.6,3474.5,51.23,49.81,357.0,300.0
281,2020-10-26,4917.1,3307.0,99486.51,3870.8,50.92,49.479,355.0,300.0
282,2020-10-27,5403.0,3394.2,105016.65,3963.7,50.815,49.65,352.0,300.0
283,2020-10-28,5459.5,3444.5,106803.18,3841.7,50.71,49.64,353.0,280.0
284,2020-10-29,5351.1,3812.4,108776.44,4132.2,50.61,49.76,352.0,300.0
285,2020-10-30,5520.4,3660.9,107931.4,4140.2,50.85,50.01,350.0,280.0
286,2020-10-31,4993.1,3957.2,104911.04,4160.2,50.73,49.38,351.0,300.0
287,2020-11-01,4842.9,3611.2,102813.65,4365.5,50.684,49.01,356.0,300.0
288,2020-11-02,4909.5,3803.2,105967.47,4572.4,50.613,49.509,353.0,280.0
289,2020-11-03,4846.1,3864.9,106268.57,4653.2,50.703,49.617,352.0,300.0
290,2020-11-04,5126.0,3892.6,108285.75,4719.8,50.533,49.614,352.0,280.0
291,2020-11-05,5014.6,3813.5,107281.53,4640.1,50.66,49.18,353.0,283.0
292,2020-11-06,4786.5,3979.0,104725.02,4657.1,50.51,49.16,351.0,304.0
293,2020-11-07,4684.3,3732.0,101386.87,4297.6,50.49,49.457,348.0,300.0
294,2020-11-08,4892.1,3702.5,102500.32,4367.7,51.008,49.06,352.0,300.0
295,2020-11-09,5298.9,3596.3,105742.85,4421.4,50.57,49.49,353.0,300.0
296,2020-11-10,5044.5,3745.6,105584.63,4474.3,50.58,49.3,351.0,300.0
297,2020-11-11,5190.7,3728.9,104073.59,4493.7,50.65,49.0,354.0,308.0
298,2020-11-12,5286.0,3722.8,108373.08,4527.4,50.572,49.18,353.0,299.0
299,2020-11-13,4782.1,3030.4,98829.02,4459.6,50.98,48.7,351.0,290.0
300,2020-11-14,5232.6,3314.6,97368.89,3473.3,50.87,49.63,351.0,300.0
301,2020-11-15,5480.5,3416.5,103825.3,4183.6,50.807,49.495,355.0,300.0
302,2020-11-16,5343.9,3798.8,107849.68,4581.3,50.602,49.542,381.0,270.0
303,2020-11-17,5517.2,3904.0,110291.71,4680.7,50.577,49.511,351.0,300.0
304,2020-11-18,4801.8,3988.3,107411.01,4801.8,50.417,49.24,349.0,280.0
305,2020-11-19,4695.5,3961.7,104417.63,4557.5,50.54,49.505,350.0,300.0
306,2020-11-20,4823.5,4088.5,106813.29,4642.3,50.47,49.38,352.0,300.0
307,2020-11-21,4893.0,4137.2,107547.58,4544.4,50.4,49.45,349.0,300.0
308,2020-11-22,4983.7,3989.5,106944.22,4553.5,50.41,49.42,350.0,300.0
309,2020-11-23,5273.9,4075.2,111169.39,4744.8,50.43,49.24,349.0,280.0
310,2020-11-24,5205.1,4206.1,112805.31,4805.6,50.56,49.0,344.0,300.0
311,2020-11-25,5140.0,4098.5,108606.75,4867.5,50.422,49.13,347.0,300.0
312,2020-11-26,5186.0,3958.2,109686.81,4830.2,50.418,49.0,350.0,300.0
313,2020-11-27,5126.2,3957.0,109569.53,4620.2,50.46,49.59,346.0,288.0
314,2020-11-28,5200.1,3923.0,107591.72,4400.1,50.45,49.41,353.0,300.0
315,2020-11-29,4475.3,54.0,76564.16,4469.9,51.394,47.25,357.0,287.0
316,2020-11-30,4836.1,3807.3,103964.25,4324.0,50.41,49.76,352.0,300.0
317,2020-12-01,5181.9,4098.4,110174.73,4842.8,50.438,49.663,348.0,300.0
318,2020-12-02,4984.7,4136.7,108436.36,4984.7,50.807,49.526,346.0,297.0
319,2020-12-03,5036.6,3991.5,110605.9,4600.2,50.54,49.47,344.0,295.0
320,2020-12-04,5504.2,4254.1,114218.04,4977.2,50.42,49.27,348.0,298.0
321,2020-12-05,5269.4,4123.2,112741.81,4593.6,50.4,49.54,349.0,300.0
322,2020-12-06,5112.1,4086.7,110585.33,4686.9,50.593,49.44,347.0,285.0
323,2020-12-07,4929.5,3759.9,107616.97,4540.4,50.605,49.49,349.0,280.0
324,2020-12-08,5079.7,3507.7,101480.45,4107.3,50.715,49.32,354.0,300.0
325,2020-12-09,5270.1,4109.9,112146.84,4683.8,50.538,49.538,350.0,300.0
326,2020-12-10,5288.0,4194.9,114605.11,4773.2,50.35,49.49,347.0,300.0
327,2020-12-11,5255.2,4324.9,115067.78,4821.1,50.43,49.3,347.0,300.0
328,2020-12-12,5185.4,4217.1,112457.36,4658.9,50.41,49.65,349.0,300.0
329,2020-12-13,5209.0,3771.6,109139.92,4482.55,50.509,49.61,350.0,300.0
330,2020-12-14,4946.3,3706.0,107934.82,4719.13,50.45,49.01,350.0,300.0
331,2020-12-15,4625.2,3844.0,103772.81,4416.89,50.455,48.9,353.0,300.0
332,2020-12-16,4665.0,3945.18,103909.19,4514.7,50.399,49.3,352.0,300.0
333,2020-12-17,4953.4,4181.7,109776.51,4559.4,50.349,49.378,346.0,300.0
334,2020-12-18,4877.1,4296.2,110902.02,4785.7,50.32,49.55,346.0,300.0
335,2020-12-19,4746.7,4247.4,108330.94,4730.93,50.35,49.2,348.0,300.0
336,2020-12-20,4661.8,4128.5,105312.5,4661.75,50.38,49.13,350.0,300.0
337,2020-12-21,4500.23,4085.98,103487.43,4402.17,50.3,49.34,349.0,300.0
338,2020-12-22,4503.0,3838.6,100897.26,4322.4,50.44,49.35,351.0,300.0
339,2020-12-23,4979.8,4117.7,108328.11,4631.6,50.329,49.474,351.0,300.0
340,2020-12-24,5138.4,4078.5,110298.98,4435.0,50.45,49.46,349.0,300.0
341,2020-12-25,4906.4,3642.3,103474.05,3987.4,50.45,49.4,350.0,300.0
342,2020-12-26,5223.5,3406.7,101791.08,3630.7,50.42,49.42,352.0,302.0
343,2020-12-27,5041.9,3803.1,105146.53,4527.9,50.397,49.34,353.0,300.0
344,2020-12-28,4895.9,3686.1,106600.58,4119.6,50.299,49.452,351.0,300.0
345,2020-12-29,4920.5,3975.1,108168.69,4365.8,50.3,49.44,353.0,300.0
346,2020-12-30,4920.8,3814.5,107440.11,4143.5,50.37,49.446,352.0,300.0
347,2020-12-31,4886.3,3891.3,106385.72,4264.1,50.481,49.485,352.0,300.0
